ID,levels_complete,len_levels_complete
1,"['0level:baba is you', '1level:where do i go?', '189level:now what is this?', '3level:out of reach', '2level:still out of reach', '90level:volcano', '5level:off limits']",7
2,"['0level:baba is you', '1level:where do i go?', '189level:now what is this?', '3level:out of reach', '2level:still out of reach', '90level:volcano', '5level:off limits', '6level:grass yard', '20level:icy waters', '212level:turns', '10level:affection', '4level:pillar yard', '93level:brick wall', '209level:lock', '15level:novice locksmith', '8level:locked in', '310level:poem', '205level:float', '218level:warm river', '171level:bridge building', '172level:bridge building?', '219level:boiling river', '173level:...bridges?', '234level:victory spring', '238level:hop', '199level:fragility', '52level:tunnel vision', '58level:a present for you', '17level:unreachable shores', ""23level:but where's the key"", '33level:love is out there', '239level:jump', '235level:rocky road', '62level:telephone', '137level:not there']",35
3,"['0level:baba is you', '1level:where do i go?', '189level:now what is this?', '3level:out of reach', '2level:still out of reach', '90level:volcano', '5level:off limits', '20level:icy waters']",8
5,"['0level:baba is you', '1level:where do i go?', '189level:now what is this?', '3level:out of reach', '2level:still out of reach', '90level:volcano', '5level:off limits', '6level:grass yard', '20level:icy waters']",9
6,"['0level:baba is you', '1level:where do i go?', '189level:now what is this?', '3level:out of reach', '2level:still out of reach', '90level:volcano', '5level:off limits', '6level:grass yard', '20level:icy waters', '212level:turns', '10level:affection', '4level:pillar yard', '93level:brick wall', '209level:lock', '15level:novice locksmith', '8level:locked in', '205level:float', '218level:warm river', '171level:bridge building', '172level:bridge building?', '234level:victory spring', '107level:assembly team', '7level:catch the thief!', '310level:poem', '199level:fragility', '52level:tunnel vision', '58level:a present for you', '17level:unreachable shores', ""23level:but where's the key"", '33level:love is out there', '236level:changeless', '210level:two doors', '136level:jelly throne', '30level:crab storage', '166level:burglary', '111level:aiming high']",36
10,"['0level:baba is you', '1level:where do i go?', '189level:now what is this?', '3level:out of reach', '2level:still out of reach', '90level:volcano', '5level:off limits']",7
12,"['0level:baba is you', '1level:where do i go?', '189level:now what is this?', '3level:out of reach', '2level:still out of reach', '90level:volcano', '5level:off limits', '6level:grass yard', '20level:icy waters', '212level:turns', '10level:affection', '4level:pillar yard', '93level:brick wall', '211level:submerged ruins', '314level:sunken temple', '209level:lock', '15level:novice locksmith', '8level:locked in', '236level:changeless', '210level:two doors', '136level:jelly throne', '30level:crab storage', '166level:burglary', '310level:poem', '205level:float', '218level:warm river', '219level:boiling river', '171level:bridge building', '172level:bridge building?', '173level:...bridges?', '71level:perilous gang', '33level:love is out there', '238level:hop', '221level:grand stream', '194level:haunt', '62level:telephone', '220level:crate square']",37
13,"['0level:baba is you', '1level:where do i go?', '189level:now what is this?', '3level:out of reach', '2level:still out of reach', '90level:volcano', '5level:off limits', '6level:grass yard', '20level:icy waters', '212level:turns', '10level:affection', '4level:pillar yard', '93level:brick wall', '209level:lock', '15level:novice locksmith', '8level:locked in', '236level:changeless', '310level:poem', '205level:float', '218level:warm river', '171level:bridge building', '172level:bridge building?', '234level:victory spring', '107level:assembly team', '210level:two doors', '136level:jelly throne', '30level:crab storage']",27
14,"['0level:baba is you', '1level:where do i go?', '189level:now what is this?', '3level:out of reach', '2level:still out of reach', '90level:volcano', '6level:grass yard', '20level:icy waters', '212level:turns']",9
15,"['0level:baba is you', '1level:where do i go?', '189level:now what is this?', '3level:out of reach', '2level:still out of reach', '5level:off limits', '90level:volcano', '20level:icy waters', '212level:turns', '10level:affection', '4level:pillar yard', '209level:lock', '15level:novice locksmith', '8level:locked in', '236level:changeless', '6level:grass yard', '310level:poem', '205level:float', '218level:warm river', '171level:bridge building', '172level:bridge building?']",21
22,"['0level:baba is you', '1level:where do i go?', '189level:now what is this?', '3level:out of reach', '2level:still out of reach', '90level:volcano', '5level:off limits', '6level:grass yard', '20level:icy waters', '212level:turns', '10level:affection', '4level:pillar yard', '93level:brick wall', '211level:submerged ruins', '314level:sunken temple', '209level:lock', '15level:novice locksmith', '8level:locked in', '236level:changeless', '210level:two doors', '136level:jelly throne', '30level:crab storage', '166level:burglary', '310level:poem']",24
23,"['0level:baba is you', '1level:where do i go?', '189level:now what is this?', '3level:out of reach', '2level:still out of reach', '90level:volcano', '5level:off limits', '6level:grass yard', '20level:icy waters', '212level:turns', '10level:affection', '4level:pillar yard', '209level:lock', '93level:brick wall', '210level:two doors', '166level:burglary', '8level:locked in', '15level:novice locksmith', '236level:changeless', '136level:jelly throne', '30level:crab storage', '211level:submerged ruins', '314level:sunken temple', '310level:poem', '205level:float', '218level:warm river', '171level:bridge building', '172level:bridge building?', '234level:victory spring', '107level:assembly team', '7level:catch the thief!']",31
24,"['0level:baba is you', '1level:where do i go?', '189level:now what is this?', '3level:out of reach', '2level:still out of reach', '90level:volcano', '5level:off limits', '6level:grass yard', '20level:icy waters', '212level:turns', '10level:affection', '4level:pillar yard', '93level:brick wall', '211level:submerged ruins', '314level:sunken temple', '8level:locked in', '310level:poem', '205level:float', '218level:warm river', '219level:boiling river', '171level:bridge building']",21
26,"['0level:baba is you', '1level:where do i go?', '189level:now what is this?', '3level:out of reach', '2level:still out of reach', '90level:volcano', '5level:off limits', '6level:grass yard', '20level:icy waters', '212level:turns', '10level:affection', '4level:pillar yard', '93level:brick wall', '211level:submerged ruins', '314level:sunken temple', '209level:lock', '15level:novice locksmith', '210level:two doors', '166level:burglary', '8level:locked in', '236level:changeless', '136level:jelly throne', '30level:crab storage', '310level:poem', '205level:float', '218level:warm river', '219level:boiling river', '171level:bridge building', '172level:bridge building?', '173level:...bridges?', '234level:victory spring', '199level:fragility', '52level:tunnel vision', '58level:a present for you', '33level:love is out there', ""23level:but where's the key"", '17level:unreachable shores', '71level:perilous gang']",38
27,"['0level:baba is you', '1level:where do i go?', '189level:now what is this?', '3level:out of reach', '90level:volcano', '2level:still out of reach', '6level:grass yard', '20level:icy waters', '5level:off limits', '212level:turns', '10level:affection', '93level:brick wall', '4level:pillar yard', '209level:lock', '15level:novice locksmith', '8level:locked in', '236level:changeless', '210level:two doors', '310level:poem', '205level:float', '218level:warm river']",21
29,"['0level:baba is you', '1level:where do i go?', '189level:now what is this?', '3level:out of reach', '2level:still out of reach', '90level:volcano', '5level:off limits', '20level:icy waters', '212level:turns', '10level:affection', '93level:brick wall', '4level:pillar yard']",12
32,"['0level:baba is you', '1level:where do i go?', '189level:now what is this?', '3level:out of reach', '2level:still out of reach', '5level:off limits', '90level:volcano', '20level:icy waters', '212level:turns', '10level:affection', '4level:pillar yard', '209level:lock', '15level:novice locksmith', '210level:two doors', '166level:burglary', '6level:grass yard', '205level:float', '218level:warm river', '171level:bridge building', '172level:bridge building?', '93level:brick wall', '211level:submerged ruins', '8level:locked in', '236level:changeless', '136level:jelly throne', '30level:crab storage', '234level:victory spring', '107level:assembly team', '219level:boiling river']",29
34,"['0level:baba is you', '1level:where do i go?', '189level:now what is this?', '3level:out of reach', '2level:still out of reach', '90level:volcano', '5level:off limits', '6level:grass yard', '20level:icy waters', '212level:turns', '10level:affection', '4level:pillar yard', '93level:brick wall', '209level:lock', '15level:novice locksmith', '8level:locked in', '210level:two doors', '236level:changeless']",18
35,"['0level:baba is you', '1level:where do i go?', '189level:now what is this?', '3level:out of reach', '2level:still out of reach', '90level:volcano', '5level:off limits', '6level:grass yard', '20level:icy waters', '212level:turns', '10level:affection', '4level:pillar yard', '93level:brick wall', '209level:lock', '15level:novice locksmith', '210level:two doors', '166level:burglary', '8level:locked in', '236level:changeless', '136level:jelly throne', '30level:crab storage', '211level:submerged ruins', '314level:sunken temple', '310level:poem', '205level:float', '218level:warm river', '171level:bridge building', '172level:bridge building?', '173level:...bridges?', '219level:boiling river', '234level:victory spring', '107level:assembly team', '37level:tiny pond', '68level:wireless connection', '134level:dim signal', '199level:fragility', '52level:tunnel vision', '58level:a present for you', '17level:unreachable shores', ""23level:but where's the key"", '33level:love is out there', '71level:perilous gang']",42
36,"['0level:baba is you', '1level:where do i go?', '189level:now what is this?', '3level:out of reach', '2level:still out of reach', '90level:volcano', '5level:off limits', '6level:grass yard', '20level:icy waters', '212level:turns', '10level:affection', '4level:pillar yard', '93level:brick wall', '209level:lock', '15level:novice locksmith', '8level:locked in', '236level:changeless', '210level:two doors', '136level:jelly throne', '30level:crab storage', '166level:burglary', '310level:poem', '205level:float', '218level:warm river', '171level:bridge building', '172level:bridge building?', '234level:victory spring', '107level:assembly team', '7level:catch the thief!', '199level:fragility']",30
37,"['0level:baba is you', '1level:where do i go?', '189level:now what is this?', '3level:out of reach', '2level:still out of reach', '90level:volcano', '5level:off limits', '6level:grass yard', '20level:icy waters', '212level:turns', '10level:affection', '4level:pillar yard', '93level:brick wall', '211level:submerged ruins', '209level:lock', '15level:novice locksmith', '8level:locked in', '236level:changeless', '210level:two doors', '136level:jelly throne', '30level:crab storage', '166level:burglary', '314level:sunken temple', '310level:poem', '205level:float', '218level:warm river', '171level:bridge building', '172level:bridge building?', '234level:victory spring', '107level:assembly team', '7level:catch the thief!', '199level:fragility', '52level:tunnel vision', '58level:a present for you', '17level:unreachable shores', ""23level:but where's the key""]",36
38,"['0level:baba is you', '1level:where do i go?', '189level:now what is this?', '3level:out of reach', '2level:still out of reach', '90level:volcano', '5level:off limits', '6level:grass yard', '20level:icy waters', '212level:turns', '10level:affection', '4level:pillar yard', '93level:brick wall', '211level:submerged ruins', '314level:sunken temple', '209level:lock', '15level:novice locksmith', '8level:locked in', '236level:changeless', '210level:two doors', '136level:jelly throne', '30level:crab storage', '166level:burglary', '310level:poem', '205level:float', '218level:warm river', '219level:boiling river', '171level:bridge building', '172level:bridge building?', '173level:...bridges?', '234level:victory spring', '107level:assembly team', '7level:catch the thief!', '37level:tiny pond', '41level:tiny isle', '319level:research facility', '68level:wireless connection', '215level:evaporating river']",38
41,"['0level:baba is you', '1level:where do i go?', '189level:now what is this?', '3level:out of reach', '2level:still out of reach', '90level:volcano', '5level:off limits', '6level:grass yard', '20level:icy waters', '212level:turns', '10level:affection', '4level:pillar yard', '93level:brick wall', '211level:submerged ruins', '209level:lock', '15level:novice locksmith', '8level:locked in', '236level:changeless', '210level:two doors', '136level:jelly throne', '30level:crab storage', '166level:burglary', '310level:poem', '205level:float', '218level:warm river', '219level:boiling river', '171level:bridge building', '172level:bridge building?', '173level:...bridges?', '234level:victory spring', '107level:assembly team', '199level:fragility', '52level:tunnel vision', '58level:a present for you', '17level:unreachable shores', '33level:love is out there', '71level:perilous gang', '56level:walls of gold']",38
42,"['0level:baba is you', '1level:where do i go?', '189level:now what is this?', '3level:out of reach', '2level:still out of reach', '5level:off limits', '90level:volcano', '6level:grass yard', '20level:icy waters', '212level:turns', '10level:affection', '4level:pillar yard', '93level:brick wall', '209level:lock', '15level:novice locksmith', '210level:two doors', '166level:burglary', '8level:locked in', '236level:changeless', '136level:jelly throne', '211level:submerged ruins', '314level:sunken temple', '30level:crab storage', '310level:poem', '205level:float', '218level:warm river', '219level:boiling river', '171level:bridge building', '172level:bridge building?', '173level:...bridges?', '234level:victory spring', '107level:assembly team', '7level:catch the thief!', '37level:tiny pond', '41level:tiny isle', '319level:research facility', '68level:wireless connection', '134level:dim signal', '65level:prison', '215level:evaporating river', '318level:dungeon', '199level:fragility', '52level:tunnel vision', '58level:a present for you', '17level:unreachable shores', ""23level:but where's the key"", '33level:love is out there', '238level:hop']",48
43,"['0level:baba is you', '1level:where do i go?', '189level:now what is this?']",3
44,"['0level:baba is you', '1level:where do i go?', '189level:now what is this?', '3level:out of reach', '2level:still out of reach', '90level:volcano', '5level:off limits', '6level:grass yard', '20level:icy waters', '212level:turns', '10level:affection', '4level:pillar yard', '93level:brick wall', '211level:submerged ruins', '314level:sunken temple']",15
45,"['0level:baba is you', '1level:where do i go?', '189level:now what is this?', '3level:out of reach', '2level:still out of reach', '90level:volcano', '5level:off limits', '20level:icy waters', '212level:turns', '10level:affection', '4level:pillar yard', '209level:lock', '15level:novice locksmith', '8level:locked in', '236level:changeless', '210level:two doors', '166level:burglary', '93level:brick wall', '136level:jelly throne', '30level:crab storage', '211level:submerged ruins', '6level:grass yard', '310level:poem', '205level:float', '218level:warm river', '171level:bridge building', '172level:bridge building?', '234level:victory spring', '107level:assembly team']",29
46,"['0level:baba is you', '1level:where do i go?', '189level:now what is this?', '3level:out of reach', '2level:still out of reach', '90level:volcano', '5level:off limits', '6level:grass yard', '20level:icy waters', '212level:turns', '10level:affection', '4level:pillar yard', '93level:brick wall', '209level:lock', '15level:novice locksmith', '8level:locked in', '211level:submerged ruins', '205level:float', '310level:poem', '218level:warm river', '236level:changeless', '136level:jelly throne', '210level:two doors', '30level:crab storage', '166level:burglary', '171level:bridge building']",26
47,"['0level:baba is you', '1level:where do i go?', '189level:now what is this?', '3level:out of reach', '2level:still out of reach', '90level:volcano', '5level:off limits', '6level:grass yard', '20level:icy waters', '212level:turns', '10level:affection', '4level:pillar yard', '93level:brick wall', '211level:submerged ruins', '209level:lock', '15level:novice locksmith', '8level:locked in', '236level:changeless', '136level:jelly throne', '30level:crab storage', '314level:sunken temple', '210level:two doors']",22
48,"['0level:baba is you', '1level:where do i go?', '189level:now what is this?', '3level:out of reach', '2level:still out of reach', '90level:volcano', '5level:off limits', '6level:grass yard', '20level:icy waters', '212level:turns', '10level:affection', '4level:pillar yard', '93level:brick wall', '209level:lock', '210level:two doors', '136level:jelly throne', '205level:float', '218level:warm river', '171level:bridge building', '172level:bridge building?', '234level:victory spring', '107level:assembly team']",22
49,"['0level:baba is you', '1level:where do i go?', '189level:now what is this?', '3level:out of reach', '2level:still out of reach', '90level:volcano', '5level:off limits', '20level:icy waters', '212level:turns', '10level:affection', '4level:pillar yard', '209level:lock', '210level:two doors', '8level:locked in', '236level:changeless', '310level:poem', '205level:float', '218level:warm river', '171level:bridge building', '172level:bridge building?', '234level:victory spring', '107level:assembly team']",22
51,"['0level:baba is you', '1level:where do i go?', '189level:now what is this?', '3level:out of reach', '2level:still out of reach', '90level:volcano', '5level:off limits', '20level:icy waters', '212level:turns', '10level:affection', '4level:pillar yard', '93level:brick wall', '209level:lock', '15level:novice locksmith', '8level:locked in', '310level:poem', '205level:float', '218level:warm river', '171level:bridge building', '172level:bridge building?', '173level:...bridges?', '234level:victory spring', '107level:assembly team', '7level:catch the thief!', '199level:fragility', '52level:tunnel vision', '58level:a present for you']",27
53,"['0level:baba is you', '1level:where do i go?', '189level:now what is this?', '3level:out of reach', '2level:still out of reach', '90level:volcano', '5level:off limits', '6level:grass yard', '20level:icy waters', '212level:turns', '10level:affection', '4level:pillar yard', '93level:brick wall', '209level:lock', '15level:novice locksmith', '8level:locked in', '236level:changeless', '210level:two doors', '136level:jelly throne', '30level:crab storage', '166level:burglary', '211level:submerged ruins', '314level:sunken temple', '310level:poem', '205level:float', '218level:warm river', '171level:bridge building', '172level:bridge building?', '234level:victory spring', '107level:assembly team', '7level:catch the thief!', '37level:tiny pond', '319level:research facility', '68level:wireless connection', '65level:prison', '219level:boiling river', '173level:...bridges?', '41level:tiny isle', '134level:dim signal', '318level:dungeon', '215level:evaporating river', '199level:fragility', '52level:tunnel vision']",43
55,['0level:baba is you'],1
57,"['0level:baba is you', '1level:where do i go?', '189level:now what is this?', '90level:volcano', '3level:out of reach', '5level:off limits', '2level:still out of reach', '6level:grass yard', '20level:icy waters', '212level:turns', '10level:affection', '93level:brick wall', '211level:submerged ruins', '4level:pillar yard', '8level:locked in', '236level:changeless', '136level:jelly throne', '209level:lock', '15level:novice locksmith', '210level:two doors', '30level:crab storage', '310level:poem', '205level:float', '218level:warm river', '219level:boiling river', '171level:bridge building', '172level:bridge building?', '173level:...bridges?', '234level:victory spring', '107level:assembly team']",30
62,"['0level:baba is you', '1level:where do i go?', '189level:now what is this?', '3level:out of reach', '2level:still out of reach', '90level:volcano', '5level:off limits', '6level:grass yard', '20level:icy waters', '212level:turns', '10level:affection', '4level:pillar yard', '93level:brick wall', '211level:submerged ruins', '209level:lock', '15level:novice locksmith', '8level:locked in', '236level:changeless', '210level:two doors', '136level:jelly throne', '30level:crab storage', '166level:burglary', '314level:sunken temple', '310level:poem', '205level:float', '218level:warm river', '171level:bridge building', '172level:bridge building?']",28
63,"['0level:baba is you', '1level:where do i go?', '189level:now what is this?', '3level:out of reach', '2level:still out of reach', '90level:volcano', '5level:off limits', '6level:grass yard', '20level:icy waters', '212level:turns', '10level:affection', '4level:pillar yard', '93level:brick wall', '209level:lock', '15level:novice locksmith', '8level:locked in', '236level:changeless', '210level:two doors', '136level:jelly throne', '30level:crab storage', '166level:burglary', '211level:submerged ruins', '314level:sunken temple', '310level:poem', '205level:float', '218level:warm river', '171level:bridge building', '172level:bridge building?', '234level:victory spring', '173level:...bridges?', '107level:assembly team']",31
64,"['0level:baba is you', '1level:where do i go?', '189level:now what is this?', '3level:out of reach', '2level:still out of reach', '90level:volcano', '5level:off limits', '6level:grass yard', '20level:icy waters', '212level:turns', '10level:affection', '4level:pillar yard', '8level:locked in', '93level:brick wall', '211level:submerged ruins', '314level:sunken temple', '236level:changeless', '209level:lock', '15level:novice locksmith', '210level:two doors', '136level:jelly throne', '30level:crab storage', '166level:burglary', '310level:poem', '205level:float', '218level:warm river', '219level:boiling river', '171level:bridge building', '172level:bridge building?', '173level:...bridges?']",30
67,"['0level:baba is you', '1level:where do i go?', '189level:now what is this?', '3level:out of reach', '2level:still out of reach', '90level:volcano', '5level:off limits', '20level:icy waters', '6level:grass yard', '212level:turns', '10level:affection', '4level:pillar yard', '93level:brick wall', '209level:lock', '15level:novice locksmith', '210level:two doors', '166level:burglary', '8level:locked in', '236level:changeless', '136level:jelly throne', '30level:crab storage', '310level:poem', '205level:float', '218level:warm river', '171level:bridge building', '172level:bridge building?', '234level:victory spring', '107level:assembly team', '7level:catch the thief!', '219level:boiling river', '199level:fragility', '52level:tunnel vision', '58level:a present for you']",33
69,"['0level:baba is you', '1level:where do i go?', '189level:now what is this?', '3level:out of reach', '2level:still out of reach', '90level:volcano', '5level:off limits', '6level:grass yard', '20level:icy waters', '212level:turns', '10level:affection']",11
70,"['0level:baba is you', '210level:two doors', '30level:crab storage', '1level:where do i go?', '189level:now what is this?', '3level:out of reach', '2level:still out of reach', '90level:volcano', '5level:off limits', '6level:grass yard', '20level:icy waters', '212level:turns', '10level:affection', '4level:pillar yard', '93level:brick wall', '209level:lock', '15level:novice locksmith', '8level:locked in', '236level:changeless', '136level:jelly throne']",20
71,"['0level:baba is you', '1level:where do i go?', '189level:now what is this?', '3level:out of reach', '2level:still out of reach', '90level:volcano', '5level:off limits', '6level:grass yard', '20level:icy waters', '212level:turns', '10level:affection', '4level:pillar yard', '93level:brick wall', '211level:submerged ruins', '209level:lock', '8level:locked in', '236level:changeless', '136level:jelly throne', '15level:novice locksmith', '166level:burglary', '210level:two doors', '30level:crab storage', '205level:float', '218level:warm river', '171level:bridge building', '310level:poem', '172level:bridge building?']",27
72,"['0level:baba is you', '1level:where do i go?', '189level:now what is this?', '3level:out of reach', '2level:still out of reach', '90level:volcano', '5level:off limits', '6level:grass yard', '20level:icy waters', '212level:turns', '10level:affection', '4level:pillar yard', '93level:brick wall', '209level:lock', '15level:novice locksmith', '210level:two doors', '205level:float', '218level:warm river', '171level:bridge building', '211level:submerged ruins']",20
73,"['0level:baba is you', '1level:where do i go?', '189level:now what is this?', '3level:out of reach', '2level:still out of reach', '90level:volcano', '5level:off limits', '6level:grass yard', '20level:icy waters', '212level:turns', '10level:affection', '4level:pillar yard', '93level:brick wall', '211level:submerged ruins', '314level:sunken temple', '209level:lock', '15level:novice locksmith', '8level:locked in', '236level:changeless', '210level:two doors', '136level:jelly throne', '30level:crab storage', '166level:burglary', '310level:poem', '205level:float', '218level:warm river', '219level:boiling river', '171level:bridge building', '172level:bridge building?', '173level:...bridges?', '234level:victory spring', '107level:assembly team', '7level:catch the thief!', '37level:tiny pond', '41level:tiny isle']",35
74,"['0level:baba is you', '1level:where do i go?', '189level:now what is this?', '3level:out of reach', '2level:still out of reach', '90level:volcano', '5level:off limits', '6level:grass yard', '20level:icy waters', '212level:turns', '10level:affection', '4level:pillar yard', '93level:brick wall', '209level:lock', '15level:novice locksmith', '8level:locked in', '236level:changeless', '210level:two doors', '136level:jelly throne', '30level:crab storage', '166level:burglary', '211level:submerged ruins', '314level:sunken temple', '310level:poem', '205level:float', '218level:warm river', '171level:bridge building', '172level:bridge building?', '234level:victory spring', '107level:assembly team']",30
76,"['0level:baba is you', '1level:where do i go?', '189level:now what is this?', '3level:out of reach', '2level:still out of reach', '90level:volcano', '5level:off limits', '6level:grass yard', '20level:icy waters', '212level:turns', '10level:affection', '93level:brick wall', '211level:submerged ruins', '4level:pillar yard', '209level:lock', '15level:novice locksmith', '8level:locked in', '236level:changeless', '136level:jelly throne', '30level:crab storage', '210level:two doors']",21
78,"['0level:baba is you', '1level:where do i go?', '189level:now what is this?', '3level:out of reach', '90level:volcano', '6level:grass yard', '5level:off limits']",7
80,"['0level:baba is you', '1level:where do i go?', '189level:now what is this?', '3level:out of reach', '2level:still out of reach', '90level:volcano', '5level:off limits', '6level:grass yard', '20level:icy waters', '212level:turns', '10level:affection', '4level:pillar yard', '93level:brick wall', '211level:submerged ruins', '209level:lock', '15level:novice locksmith', '8level:locked in', '236level:changeless', '136level:jelly throne', '310level:poem', '205level:float', '218level:warm river', '171level:bridge building', '172level:bridge building?', '234level:victory spring', '107level:assembly team', '7level:catch the thief!', '199level:fragility', '30level:crab storage', '314level:sunken temple', '210level:two doors', '166level:burglary']",32
81,"['0level:baba is you', '1level:where do i go?', '189level:now what is this?', '3level:out of reach', '2level:still out of reach', '90level:volcano', '5level:off limits', '6level:grass yard', '20level:icy waters', '212level:turns', '10level:affection', '4level:pillar yard', '93level:brick wall', '209level:lock']",14
83,"['0level:baba is you', '1level:where do i go?', '189level:now what is this?', '3level:out of reach', '2level:still out of reach', '90level:volcano', '5level:off limits', '6level:grass yard', '20level:icy waters', '212level:turns', '10level:affection', '4level:pillar yard', '93level:brick wall', '209level:lock', '15level:novice locksmith', '8level:locked in', '236level:changeless', '136level:jelly throne', '310level:poem', '205level:float', '218level:warm river', '171level:bridge building', '172level:bridge building?', '210level:two doors', '30level:crab storage', '166level:burglary', '234level:victory spring', '107level:assembly team', '7level:catch the thief!']",29
84,"['0level:baba is you', '1level:where do i go?', '189level:now what is this?', '3level:out of reach', '2level:still out of reach', '90level:volcano', '5level:off limits', '6level:grass yard', '20level:icy waters', '212level:turns', '10level:affection', '4level:pillar yard', '93level:brick wall', '209level:lock', '15level:novice locksmith', '210level:two doors', '310level:poem', '205level:float', '218level:warm river', '171level:bridge building', '172level:bridge building?', '234level:victory spring', '107level:assembly team', '7level:catch the thief!', '238level:hop', '221level:grand stream', '199level:fragility', '52level:tunnel vision', '58level:a present for you', ""23level:but where's the key"", '33level:love is out there', '72level:double moat', '239level:jump', '36level:ghost friend', '9level:empty', '11level:lonely flag', '80level:please hold my key', '66level:renovating', '246level:toolshed', '57level:patrol', '94level:thicket', '220level:crate square', '85level:canyon', '98level:victory in the open']",44
85,"['0level:baba is you', '1level:where do i go?', '189level:now what is this?', '3level:out of reach', '2level:still out of reach', '90level:volcano', '5level:off limits', '6level:grass yard', '20level:icy waters', '212level:turns', '10level:affection', '4level:pillar yard', '93level:brick wall', '209level:lock', '15level:novice locksmith', '8level:locked in', '236level:changeless']",17
87,"['0level:baba is you', '1level:where do i go?', '189level:now what is this?', '3level:out of reach', '2level:still out of reach', '90level:volcano', '5level:off limits', '6level:grass yard', '20level:icy waters', '212level:turns', '10level:affection', '4level:pillar yard', '209level:lock', '15level:novice locksmith', '8level:locked in', '236level:changeless', '136level:jelly throne', '93level:brick wall', '210level:two doors', '166level:burglary', '205level:float', '310level:poem', '218level:warm river']",23
88,"['0level:baba is you', '1level:where do i go?', '189level:now what is this?', '3level:out of reach', '2level:still out of reach', '90level:volcano', '5level:off limits', '6level:grass yard', '20level:icy waters', '212level:turns', '4level:pillar yard', '10level:affection', '209level:lock', '93level:brick wall', '15level:novice locksmith']",15
90,"['0level:baba is you', '1level:where do i go?', '189level:now what is this?', '3level:out of reach', '2level:still out of reach', '90level:volcano', '5level:off limits', '6level:grass yard', '20level:icy waters', '212level:turns', '10level:affection', '4level:pillar yard', '93level:brick wall', '209level:lock', '15level:novice locksmith', '8level:locked in', '236level:changeless', '210level:two doors', '136level:jelly throne', '30level:crab storage', '166level:burglary', '211level:submerged ruins', '314level:sunken temple', '205level:float', '218level:warm river', '171level:bridge building', '172level:bridge building?', '234level:victory spring', '107level:assembly team', '7level:catch the thief!', '37level:tiny pond', '319level:research facility', '68level:wireless connection', '65level:prison', '219level:boiling river', '173level:...bridges?', '199level:fragility', '52level:tunnel vision', '58level:a present for you', '17level:unreachable shores', ""23level:but where's the key"", '33level:love is out there', '71level:perilous gang']",43
91,"['0level:baba is you', '1level:where do i go?', '189level:now what is this?', '3level:out of reach', '2level:still out of reach', '90level:volcano', '5level:off limits', '6level:grass yard', '20level:icy waters', '212level:turns', '10level:affection', '4level:pillar yard', '93level:brick wall', '209level:lock', '15level:novice locksmith', '8level:locked in', '310level:poem', '205level:float', '218level:warm river', '171level:bridge building', '172level:bridge building?', '219level:boiling river', '173level:...bridges?', '234level:victory spring', '238level:hop', '221level:grand stream', '235level:rocky road', '62level:telephone', '194level:haunt', '220level:crate square', '36level:ghost friend', '236level:changeless', '210level:two doors', '136level:jelly throne', '30level:crab storage', '166level:burglary', '211level:submerged ruins']",37
98,"['0level:baba is you', '1level:where do i go?', '189level:now what is this?', '3level:out of reach', '2level:still out of reach', '90level:volcano', '5level:off limits', '6level:grass yard', '20level:icy waters', '212level:turns', '10level:affection', '4level:pillar yard', '93level:brick wall']",13
99,"['0level:baba is you', '1level:where do i go?', '189level:now what is this?', '3level:out of reach', '2level:still out of reach', '90level:volcano', '5level:off limits', '6level:grass yard', '20level:icy waters', '212level:turns', '10level:affection', '4level:pillar yard', '209level:lock', '93level:brick wall', '15level:novice locksmith', '8level:locked in']",16
100,"['0level:baba is you', '1level:where do i go?', '189level:now what is this?', '3level:out of reach', '2level:still out of reach', '90level:volcano', '6level:grass yard', '5level:off limits', '20level:icy waters', '212level:turns', '4level:pillar yard', '93level:brick wall', '10level:affection', '211level:submerged ruins', '8level:locked in', '236level:changeless', '136level:jelly throne', '30level:crab storage', '209level:lock', '210level:two doors', '15level:novice locksmith', '166level:burglary', '310level:poem', '205level:float', '218level:warm river', '171level:bridge building', '172level:bridge building?', '234level:victory spring', '107level:assembly team', '7level:catch the thief!', '65level:prison', '319level:research facility']",32
101,"['0level:baba is you', '1level:where do i go?', '189level:now what is this?', '3level:out of reach', '2level:still out of reach', '90level:volcano', '6level:grass yard', '5level:off limits', '20level:icy waters', '212level:turns', '10level:affection', '4level:pillar yard', '209level:lock', '8level:locked in', '236level:changeless', '136level:jelly throne', '205level:float', '218level:warm river', '171level:bridge building', '172level:bridge building?', '234level:victory spring', '107level:assembly team', '7level:catch the thief!', '37level:tiny pond', '238level:hop', '221level:grand stream', '194level:haunt']",27
102,"['0level:baba is you', '1level:where do i go?', '189level:now what is this?', '3level:out of reach', '2level:still out of reach', '90level:volcano', '5level:off limits', '6level:grass yard', '20level:icy waters', '212level:turns', '10level:affection', '4level:pillar yard', '93level:brick wall', '8level:locked in', '209level:lock', '15level:novice locksmith', '236level:changeless', '136level:jelly throne']",18
103,"['0level:baba is you', '1level:where do i go?', '189level:now what is this?', '3level:out of reach', '2level:still out of reach', '90level:volcano', '5level:off limits', '6level:grass yard', '20level:icy waters', '212level:turns', '10level:affection', '4level:pillar yard', '93level:brick wall', '8level:locked in', '236level:changeless', '136level:jelly throne', '209level:lock', '15level:novice locksmith', '210level:two doors', '166level:burglary']",20
105,"['0level:baba is you', '1level:where do i go?', '189level:now what is this?', '3level:out of reach', '2level:still out of reach', '90level:volcano', '5level:off limits', '6level:grass yard', '20level:icy waters', '212level:turns', '37level:tiny pond', '199level:fragility', '52level:tunnel vision', '58level:a present for you', '17level:unreachable shores', '33level:love is out there', '10level:affection', '4level:pillar yard', '93level:brick wall', '211level:submerged ruins', '314level:sunken temple', '209level:lock', '15level:novice locksmith', '210level:two doors', '166level:burglary', '8level:locked in', '236level:changeless', '136level:jelly throne', '30level:crab storage', '310level:poem', '205level:float', '218level:warm river', '171level:bridge building', '172level:bridge building?', '173level:...bridges?', '219level:boiling river', '234level:victory spring', '107level:assembly team', '7level:catch the thief!']",39
109,"['0level:baba is you', '1level:where do i go?', '189level:now what is this?', '3level:out of reach', '2level:still out of reach', '90level:volcano', '5level:off limits', '6level:grass yard', '20level:icy waters', '212level:turns', '10level:affection', '4level:pillar yard', '93level:brick wall', '209level:lock', '15level:novice locksmith', '8level:locked in', '236level:changeless', '210level:two doors', '136level:jelly throne', '30level:crab storage', '166level:burglary', '310level:poem', '205level:float', '218level:warm river', '171level:bridge building', '172level:bridge building?', '234level:victory spring', '107level:assembly team', '7level:catch the thief!', '37level:tiny pond', '319level:research facility', '68level:wireless connection', '65level:prison', '219level:boiling river', '173level:...bridges?', '199level:fragility', '52level:tunnel vision', '58level:a present for you', '17level:unreachable shores', ""23level:but where's the key"", '33level:love is out there', '71level:perilous gang', '72level:double moat', '56level:walls of gold', '129level:further fields', '238level:hop', '221level:grand stream', '235level:rocky road']",48
111,['0level:baba is you'],1
113,"['0level:baba is you', '1level:where do i go?', '189level:now what is this?', '3level:out of reach']",4
116,"['0level:baba is you', '1level:where do i go?', '189level:now what is this?', '3level:out of reach', '2level:still out of reach', '90level:volcano', '5level:off limits', '6level:grass yard', '20level:icy waters', '212level:turns', '10level:affection', '4level:pillar yard', '93level:brick wall', '209level:lock', '15level:novice locksmith', '8level:locked in', '236level:changeless', '210level:two doors', '136level:jelly throne', '166level:burglary']",20
117,"['0level:baba is you', '1level:where do i go?', '189level:now what is this?', '3level:out of reach', '2level:still out of reach', '90level:volcano', '5level:off limits', '6level:grass yard', '20level:icy waters', '212level:turns', '10level:affection', '93level:brick wall', '4level:pillar yard', '209level:lock', '8level:locked in', '236level:changeless', '210level:two doors', '136level:jelly throne', '30level:crab storage', '166level:burglary', '310level:poem', '205level:float', '211level:submerged ruins', '218level:warm river', '219level:boiling river', '171level:bridge building', '172level:bridge building?', '173level:...bridges?', '234level:victory spring', '107level:assembly team', '7level:catch the thief!', '199level:fragility', '52level:tunnel vision', '58level:a present for you', '37level:tiny pond']",35
118,"['0level:baba is you', '1level:where do i go?', '189level:now what is this?', '3level:out of reach', '2level:still out of reach', '90level:volcano', '5level:off limits', '6level:grass yard', '20level:icy waters', '212level:turns', '10level:affection', '4level:pillar yard', '93level:brick wall', '209level:lock', '15level:novice locksmith', '8level:locked in', '205level:float', '218level:warm river', '171level:bridge building', '172level:bridge building?', '234level:victory spring', '107level:assembly team', '7level:catch the thief!', '37level:tiny pond', '199level:fragility', '52level:tunnel vision', '58level:a present for you', '17level:unreachable shores', '33level:love is out there']",29
121,"['0level:baba is you', '1level:where do i go?', '189level:now what is this?', '3level:out of reach', '2level:still out of reach', '90level:volcano', '6level:grass yard', '5level:off limits', '20level:icy waters', '212level:turns', '10level:affection', '93level:brick wall', '4level:pillar yard', '211level:submerged ruins', '314level:sunken temple', '209level:lock', '15level:novice locksmith', '210level:two doors', '166level:burglary', '8level:locked in', '236level:changeless', '136level:jelly throne', '30level:crab storage', '205level:float', '218level:warm river', '171level:bridge building', '172level:bridge building?']",27
123,"['0level:baba is you', '1level:where do i go?', '189level:now what is this?', '3level:out of reach', '2level:still out of reach', '90level:volcano', '5level:off limits', '6level:grass yard', '20level:icy waters', '212level:turns', '10level:affection', '4level:pillar yard', '93level:brick wall', '209level:lock', '15level:novice locksmith', '8level:locked in', '236level:changeless', '136level:jelly throne', '30level:crab storage', '210level:two doors', '166level:burglary', '211level:submerged ruins', '310level:poem', '205level:float']",24
125,"['0level:baba is you', '1level:where do i go?', '189level:now what is this?', '3level:out of reach', '2level:still out of reach', '90level:volcano', '6level:grass yard', '5level:off limits', '20level:icy waters', '212level:turns', '10level:affection']",11
126,"['0level:baba is you', '1level:where do i go?', '189level:now what is this?', '3level:out of reach', '2level:still out of reach', '90level:volcano', '5level:off limits', '6level:grass yard', '20level:icy waters', '212level:turns', '10level:affection', '4level:pillar yard', '93level:brick wall', '211level:submerged ruins', '209level:lock', '15level:novice locksmith', '8level:locked in', '236level:changeless', '210level:two doors', '136level:jelly throne', '30level:crab storage', '166level:burglary', '310level:poem', '205level:float', '218level:warm river', '219level:boiling river', '171level:bridge building', '172level:bridge building?', '173level:...bridges?', '234level:victory spring', '107level:assembly team', '7level:catch the thief!', '319level:research facility', '68level:wireless connection', '199level:fragility']",35
127,"['0level:baba is you', '1level:where do i go?', '189level:now what is this?', '3level:out of reach', '2level:still out of reach', '90level:volcano', '5level:off limits', '6level:grass yard', '20level:icy waters', '212level:turns', '10level:affection', '4level:pillar yard', '93level:brick wall', '209level:lock', '8level:locked in', '236level:changeless', '136level:jelly throne', '210level:two doors']",18
131,"['0level:baba is you', '1level:where do i go?', '189level:now what is this?', '3level:out of reach', '2level:still out of reach', '90level:volcano', '5level:off limits', '20level:icy waters']",8
134,"['0level:baba is you', '1level:where do i go?', '189level:now what is this?', '3level:out of reach', '2level:still out of reach', '90level:volcano', '6level:grass yard', '5level:off limits', '20level:icy waters', '212level:turns', '10level:affection', '4level:pillar yard', '93level:brick wall', '209level:lock', '15level:novice locksmith', '210level:two doors', '310level:poem', '205level:float', '218level:warm river', '171level:bridge building', '172level:bridge building?', '8level:locked in', '236level:changeless', '166level:burglary', '234level:victory spring', '107level:assembly team', '7level:catch the thief!', '199level:fragility', '52level:tunnel vision', '58level:a present for you', '17level:unreachable shores', '136level:jelly throne', '30level:crab storage', '33level:love is out there', '71level:perilous gang', '59level:condition', '242level:sorting facility', '94level:thicket', '66level:renovating', '246level:toolshed']",40
135,"['0level:baba is you', '1level:where do i go?', '189level:now what is this?', '3level:out of reach', '2level:still out of reach', '90level:volcano', '5level:off limits', '6level:grass yard', '20level:icy waters', '212level:turns', '10level:affection', '4level:pillar yard', '93level:brick wall']",13
136,"['0level:baba is you', '1level:where do i go?', '189level:now what is this?', '3level:out of reach', '2level:still out of reach', '90level:volcano', '5level:off limits', '6level:grass yard', '20level:icy waters', '212level:turns', '10level:affection', '4level:pillar yard', '93level:brick wall', '209level:lock', '15level:novice locksmith', '8level:locked in', '236level:changeless', '136level:jelly throne', '205level:float', '218level:warm river', '171level:bridge building', '172level:bridge building?', '234level:victory spring', '107level:assembly team', '210level:two doors', '166level:burglary', '173level:...bridges?', '310level:poem', '238level:hop', '199level:fragility', '30level:crab storage']",31
137,"['0level:baba is you', '1level:where do i go?', '189level:now what is this?', '3level:out of reach', '2level:still out of reach', '90level:volcano', '5level:off limits', '20level:icy waters', '6level:grass yard', '212level:turns', '10level:affection', '4level:pillar yard', '93level:brick wall', '209level:lock', '15level:novice locksmith', '8level:locked in', '236level:changeless']",17
139,"['0level:baba is you', '1level:where do i go?', '189level:now what is this?', '3level:out of reach', '90level:volcano', '5level:off limits', '20level:icy waters', '2level:still out of reach']",8
141,"['0level:baba is you', '1level:where do i go?', '189level:now what is this?', '3level:out of reach', '2level:still out of reach', '90level:volcano', '5level:off limits', '6level:grass yard', '20level:icy waters', '212level:turns', '10level:affection', '4level:pillar yard', '93level:brick wall', '209level:lock', '15level:novice locksmith', '8level:locked in', '236level:changeless', '205level:float', '218level:warm river', '171level:bridge building', '172level:bridge building?', '234level:victory spring', '107level:assembly team']",23
142,"['0level:baba is you', '1level:where do i go?', '189level:now what is this?', '2level:still out of reach', '90level:volcano', '5level:off limits', '6level:grass yard', '3level:out of reach', '20level:icy waters', '212level:turns', '10level:affection', '4level:pillar yard', '93level:brick wall', '209level:lock', '15level:novice locksmith', '8level:locked in']",16
143,"['0level:baba is you', '1level:where do i go?', '189level:now what is this?', '3level:out of reach', '2level:still out of reach', '90level:volcano', '6level:grass yard', '5level:off limits', '20level:icy waters', '212level:turns', '10level:affection', '4level:pillar yard', '93level:brick wall', '211level:submerged ruins', '209level:lock', '15level:novice locksmith', '166level:burglary', '8level:locked in', '236level:changeless', '136level:jelly throne', '210level:two doors', '30level:crab storage', '205level:float', '218level:warm river', '171level:bridge building', '172level:bridge building?', '234level:victory spring', '107level:assembly team', '173level:...bridges?', '219level:boiling river', '199level:fragility', '52level:tunnel vision', '58level:a present for you', '17level:unreachable shores', ""23level:but where's the key"", '71level:perilous gang', '59level:condition', '94level:thicket']",38
144,"['0level:baba is you', '1level:where do i go?', '189level:now what is this?', '3level:out of reach', '2level:still out of reach', '90level:volcano', '5level:off limits', '6level:grass yard', '319level:research facility', '238level:hop', '221level:grand stream', '235level:rocky road', '36level:ghost friend', '220level:crate square', '194level:haunt', '77level:literacy', '269level:fetching', '199level:fragility', '52level:tunnel vision', '58level:a present for you', '17level:unreachable shores', '71level:perilous gang', '33level:love is out there', '72level:double moat', '56level:walls of gold', '9level:empty', '11level:lonely flag', '13level:babas are you', '80level:please hold my key', '201level:horror story', '66level:renovating', '94level:thicket']",32
145,"['0level:baba is you', '1level:where do i go?', '3level:out of reach', '5level:off limits', '20level:icy waters', '212level:turns', '189level:now what is this?', '2level:still out of reach', '90level:volcano', '10level:affection', '93level:brick wall', '4level:pillar yard', '209level:lock', '8level:locked in', '236level:changeless', '310level:poem', '205level:float', '218level:warm river', '171level:bridge building', '172level:bridge building?', '219level:boiling river', '234level:victory spring', '107level:assembly team', '199level:fragility', '52level:tunnel vision', '238level:hop', '235level:rocky road', '62level:telephone', '194level:haunt', '137level:not there', '174level:dead end', '138level:even less there', '6level:grass yard', '210level:two doors', '15level:novice locksmith', '166level:burglary', '136level:jelly throne', '30level:crab storage', '7level:catch the thief!', '37level:tiny pond', '319level:research facility', '68level:wireless connection', '65level:prison', '58level:a present for you', '33level:love is out there', '72level:double moat']",46
147,"['0level:baba is you', '1level:where do i go?', '189level:now what is this?', '3level:out of reach', '2level:still out of reach', '90level:volcano', '5level:off limits', '6level:grass yard', '20level:icy waters', '212level:turns', '10level:affection', '4level:pillar yard', '93level:brick wall', '209level:lock', '15level:novice locksmith', '8level:locked in', '236level:changeless', '210level:two doors', '136level:jelly throne', '30level:crab storage', '166level:burglary', '310level:poem', '205level:float', '218level:warm river', '171level:bridge building', '172level:bridge building?', '234level:victory spring', '107level:assembly team', '219level:boiling river', '37level:tiny pond', '68level:wireless connection', '7level:catch the thief!', '65level:prison', '319level:research facility', '199level:fragility', '52level:tunnel vision', '58level:a present for you', '17level:unreachable shores', ""23level:but where's the key"", '33level:love is out there', '71level:perilous gang', '56level:walls of gold']",42
149,"['0level:baba is you', '1level:where do i go?', '189level:now what is this?', '3level:out of reach', '2level:still out of reach', '90level:volcano', '5level:off limits', '6level:grass yard', '20level:icy waters', '212level:turns', '10level:affection', '4level:pillar yard', '93level:brick wall', '209level:lock', '15level:novice locksmith', '8level:locked in', '236level:changeless', '210level:two doors', '136level:jelly throne', '30level:crab storage', '166level:burglary', '211level:submerged ruins', '205level:float', '218level:warm river', '171level:bridge building', '172level:bridge building?', '234level:victory spring', '107level:assembly team', '173level:...bridges?', '314level:sunken temple', '7level:catch the thief!']",31
150,"['0level:baba is you', '1level:where do i go?', '189level:now what is this?', '3level:out of reach', '2level:still out of reach', '90level:volcano', '5level:off limits', '6level:grass yard', '20level:icy waters', '212level:turns', '10level:affection', '4level:pillar yard', '93level:brick wall', '211level:submerged ruins', '209level:lock', '15level:novice locksmith', '8level:locked in', '236level:changeless', '136level:jelly throne', '30level:crab storage', '166level:burglary', '210level:two doors', '205level:float', '218level:warm river', '219level:boiling river', '171level:bridge building', '172level:bridge building?', '173level:...bridges?', '234level:victory spring', '107level:assembly team', '7level:catch the thief!', '174level:dead end', '160level:catch', '199level:fragility', '52level:tunnel vision', '58level:a present for you', '17level:unreachable shores', ""23level:but where's the key"", '71level:perilous gang', '33level:love is out there', '72level:double moat', '66level:renovating', '246level:toolshed', ""34level:baba doesn't respond"", '57level:patrol', '85level:canyon', '98level:victory in the open', '65level:prison', '215level:evaporating river', '41level:tiny isle', '37level:tiny pond', '314level:sunken temple', '310level:poem', '319level:research facility', '68level:wireless connection', '134level:dim signal', '238level:hop', '221level:grand stream', '235level:rocky road', '62level:telephone', '194level:haunt', '220level:crate square', '239level:jump', '26level:ghost guard', '137level:not there', '138level:even less there', '36level:ghost friend']",67
151,"['0level:baba is you', '1level:where do i go?', '189level:now what is this?', '3level:out of reach', '2level:still out of reach', '90level:volcano', '5level:off limits', '6level:grass yard', '20level:icy waters', '212level:turns', '10level:affection', '4level:pillar yard', '93level:brick wall', '209level:lock', '15level:novice locksmith', '8level:locked in', '236level:changeless', '210level:two doors', '136level:jelly throne', '30level:crab storage', '166level:burglary', '211level:submerged ruins', '310level:poem', '205level:float', '218level:warm river', '171level:bridge building', '172level:bridge building?', '234level:victory spring', '107level:assembly team', '37level:tiny pond', '238level:hop', '239level:jump', '221level:grand stream', '194level:haunt', '62level:telephone', '137level:not there', '174level:dead end']",37
152,"['0level:baba is you', '1level:where do i go?', '189level:now what is this?', '3level:out of reach', '2level:still out of reach', '90level:volcano', '5level:off limits', '6level:grass yard', '20level:icy waters', '212level:turns', '10level:affection', '4level:pillar yard', '93level:brick wall', '209level:lock', '15level:novice locksmith', '8level:locked in', '236level:changeless', '210level:two doors', '211level:submerged ruins', '310level:poem', '205level:float', '218level:warm river', '171level:bridge building', '136level:jelly throne', '30level:crab storage']",25
153,"['0level:baba is you', '1level:where do i go?', '189level:now what is this?', '3level:out of reach', '2level:still out of reach', '90level:volcano', '5level:off limits', '6level:grass yard', '20level:icy waters', '212level:turns', '10level:affection', '4level:pillar yard', '93level:brick wall', '209level:lock', '15level:novice locksmith', '8level:locked in', '236level:changeless', '210level:two doors', '136level:jelly throne', '30level:crab storage', '166level:burglary', '205level:float', '218level:warm river', '171level:bridge building', '172level:bridge building?', '234level:victory spring']",26
154,"['0level:baba is you', '1level:where do i go?', '189level:now what is this?', '3level:out of reach', '2level:still out of reach', '90level:volcano', '5level:off limits', '6level:grass yard', '20level:icy waters', '212level:turns', '10level:affection', '4level:pillar yard', '93level:brick wall', '209level:lock', '15level:novice locksmith', '8level:locked in', '236level:changeless', '210level:two doors', '136level:jelly throne', '205level:float']",20
155,"['0level:baba is you', '1level:where do i go?', '189level:now what is this?', '3level:out of reach', '2level:still out of reach', '90level:volcano', '5level:off limits', '6level:grass yard', '20level:icy waters']",9
156,"['0level:baba is you', '1level:where do i go?', '189level:now what is this?', '3level:out of reach', '2level:still out of reach', '90level:volcano', '5level:off limits', '6level:grass yard', '20level:icy waters', '212level:turns', '10level:affection', '4level:pillar yard', '93level:brick wall', '211level:submerged ruins', '209level:lock', '15level:novice locksmith', '8level:locked in', '236level:changeless', '210level:two doors', '136level:jelly throne', '30level:crab storage', '166level:burglary', '310level:poem', '205level:float', '218level:warm river', '171level:bridge building', '172level:bridge building?', '234level:victory spring', '107level:assembly team']",29
157,"['0level:baba is you', '1level:where do i go?', '189level:now what is this?', '3level:out of reach', '2level:still out of reach', '90level:volcano', '5level:off limits', '20level:icy waters', '212level:turns', '10level:affection', '4level:pillar yard', '209level:lock', '15level:novice locksmith', '8level:locked in', '236level:changeless', '205level:float', '218level:warm river', '171level:bridge building', '172level:bridge building?', '6level:grass yard', '234level:victory spring', '107level:assembly team', '37level:tiny pond', '7level:catch the thief!', '199level:fragility', '52level:tunnel vision', '58level:a present for you', '238level:hop']",28
158,"['0level:baba is you', '1level:where do i go?', '189level:now what is this?', '3level:out of reach', '2level:still out of reach', '90level:volcano', '5level:off limits', '6level:grass yard', '20level:icy waters', '212level:turns', '10level:affection', '4level:pillar yard', '93level:brick wall', '209level:lock', '15level:novice locksmith', '8level:locked in', '236level:changeless', '205level:float', '218level:warm river', '171level:bridge building', '172level:bridge building?']",21
159,"['0level:baba is you', '1level:where do i go?', '189level:now what is this?', '3level:out of reach', '2level:still out of reach', '90level:volcano', '5level:off limits', '20level:icy waters', '6level:grass yard', '212level:turns', '10level:affection', '4level:pillar yard', '209level:lock', '15level:novice locksmith', '8level:locked in', '210level:two doors', '310level:poem', '205level:float', '218level:warm river', '219level:boiling river', '171level:bridge building', '172level:bridge building?', '234level:victory spring', '107level:assembly team', '238level:hop', '221level:grand stream', '194level:haunt', '62level:telephone']",28
160,"['0level:baba is you', '1level:where do i go?', '189level:now what is this?', '3level:out of reach', '2level:still out of reach', '90level:volcano', '5level:off limits', '20level:icy waters', '234level:victory spring', '107level:assembly team', '7level:catch the thief!', '319level:research facility', '68level:wireless connection', '134level:dim signal', '238level:hop', '6level:grass yard', '212level:turns', '10level:affection', '4level:pillar yard', '8level:locked in', '236level:changeless', '136level:jelly throne', '30level:crab storage', '209level:lock', '15level:novice locksmith', '210level:two doors', '166level:burglary', '205level:float', '218level:warm river', '171level:bridge building', '172level:bridge building?']",31
161,"['0level:baba is you', '1level:where do i go?', '189level:now what is this?', '3level:out of reach', '2level:still out of reach', '90level:volcano', '5level:off limits', '6level:grass yard', '20level:icy waters', '212level:turns', '10level:affection', '4level:pillar yard', '209level:lock', '15level:novice locksmith', '8level:locked in', '236level:changeless', '136level:jelly throne', '166level:burglary', '93level:brick wall', '210level:two doors', '205level:float', '218level:warm river', '171level:bridge building', '172level:bridge building?']",24
162,"['0level:baba is you', '1level:where do i go?', '189level:now what is this?', '3level:out of reach', '2level:still out of reach', '5level:off limits', '20level:icy waters', '212level:turns', '10level:affection', '4level:pillar yard', '93level:brick wall', '209level:lock', '90level:volcano', '6level:grass yard', '15level:novice locksmith', '8level:locked in', '236level:changeless', '210level:two doors', '310level:poem', '205level:float', '218level:warm river', '171level:bridge building', '172level:bridge building?', '219level:boiling river', '173level:...bridges?', '234level:victory spring', '107level:assembly team', '199level:fragility', '52level:tunnel vision', '58level:a present for you', '17level:unreachable shores', ""23level:but where's the key""]",32
163,"['0level:baba is you', '1level:where do i go?', '189level:now what is this?', '3level:out of reach', '90level:volcano', '6level:grass yard']",6
166,"['0level:baba is you', '1level:where do i go?', '189level:now what is this?', '3level:out of reach', '2level:still out of reach', '90level:volcano', '5level:off limits', '8level:locked in', '236level:changeless', '136level:jelly throne', '30level:crab storage', '6level:grass yard', '20level:icy waters', '212level:turns', '10level:affection', '4level:pillar yard', '93level:brick wall', '209level:lock', '211level:submerged ruins', '314level:sunken temple', '15level:novice locksmith', '210level:two doors']",22
168,"['0level:baba is you', '1level:where do i go?', '189level:now what is this?', '3level:out of reach', '2level:still out of reach', '90level:volcano', '5level:off limits', '6level:grass yard', '20level:icy waters', '212level:turns', '10level:affection', '4level:pillar yard', '209level:lock', '15level:novice locksmith', '166level:burglary', '8level:locked in', '93level:brick wall', '236level:changeless', '136level:jelly throne', '30level:crab storage', '211level:submerged ruins', '310level:poem', '205level:float', '218level:warm river', '171level:bridge building', '172level:bridge building?', '234level:victory spring']",27
169,"['0level:baba is you', '1level:where do i go?', '189level:now what is this?', '3level:out of reach', '2level:still out of reach', '90level:volcano', '5level:off limits', '20level:icy waters', '212level:turns', '10level:affection', '4level:pillar yard', '209level:lock', '15level:novice locksmith', '93level:brick wall', '211level:submerged ruins', '310level:poem', '205level:float', '6level:grass yard', '218level:warm river', '171level:bridge building', '172level:bridge building?', '173level:...bridges?', '234level:victory spring', '107level:assembly team', '199level:fragility', '52level:tunnel vision']",26
170,"['0level:baba is you', '1level:where do i go?', '189level:now what is this?', '2level:still out of reach', '5level:off limits', '20level:icy waters', '212level:turns', '4level:pillar yard', '209level:lock', '10level:affection', '15level:novice locksmith', '3level:out of reach', '6level:grass yard', '93level:brick wall', '210level:two doors', '310level:poem', '205level:float', '218level:warm river', '171level:bridge building', '172level:bridge building?', '173level:...bridges?', '234level:victory spring', '107level:assembly team', '199level:fragility']",24
171,"['0level:baba is you', '1level:where do i go?', '189level:now what is this?', '3level:out of reach', '2level:still out of reach', '90level:volcano', '5level:off limits', '6level:grass yard', '20level:icy waters', '212level:turns', '10level:affection', '4level:pillar yard', '93level:brick wall', '209level:lock', '15level:novice locksmith', '8level:locked in', '236level:changeless']",17
172,"['0level:baba is you', '1level:where do i go?', '7level:catch the thief!', '37level:tiny pond', '319level:research facility', '68level:wireless connection', '65level:prison', '318level:dungeon', '199level:fragility', '52level:tunnel vision', '58level:a present for you', '17level:unreachable shores', ""23level:but where's the key"", '33level:love is out there', '71level:perilous gang', '56level:walls of gold', '238level:hop']",17
173,"['234level:victory spring', '107level:assembly team', '236level:changeless', '136level:jelly throne', '7level:catch the thief!', '310level:poem', '238level:hop', '199level:fragility', '52level:tunnel vision', '58level:a present for you', '33level:love is out there', '0level:baba is you', '1level:where do i go?', '189level:now what is this?', '3level:out of reach', '6level:grass yard', '90level:volcano', '5level:off limits', '20level:icy waters', '212level:turns', '10level:affection', '4level:pillar yard', '93level:brick wall', '209level:lock', '15level:novice locksmith', '8level:locked in', '205level:float', '218level:warm river', '171level:bridge building', '172level:bridge building?']",30
174,"['0level:baba is you', '1level:where do i go?', '189level:now what is this?', '3level:out of reach', '2level:still out of reach', '90level:volcano', '5level:off limits', '6level:grass yard', '20level:icy waters', '212level:turns', '10level:affection', '93level:brick wall', '4level:pillar yard', '8level:locked in', '236level:changeless', '209level:lock', '205level:float', '15level:novice locksmith', '218level:warm river', '171level:bridge building', '172level:bridge building?', '221level:grand stream', '234level:victory spring', '107level:assembly team', '310level:poem', '7level:catch the thief!', '199level:fragility', '52level:tunnel vision', '58level:a present for you', '33level:love is out there', '238level:hop']",31
175,"['0level:baba is you', '1level:where do i go?', '189level:now what is this?', '3level:out of reach', '2level:still out of reach', '90level:volcano', '5level:off limits', '6level:grass yard', '20level:icy waters', '212level:turns', '10level:affection', '4level:pillar yard', '93level:brick wall', '209level:lock', '15level:novice locksmith', '8level:locked in', '211level:submerged ruins']",17
176,"['0level:baba is you', '1level:where do i go?', '189level:now what is this?', '3level:out of reach', '2level:still out of reach', '90level:volcano', '5level:off limits', '20level:icy waters', '212level:turns', '10level:affection', '4level:pillar yard', '209level:lock', '15level:novice locksmith', '8level:locked in', '236level:changeless', '6level:grass yard', '93level:brick wall', '211level:submerged ruins', '136level:jelly throne', '310level:poem', '205level:float', '218level:warm river', '171level:bridge building', '172level:bridge building?', '234level:victory spring', '107level:assembly team', '30level:crab storage', '37level:tiny pond', '199level:fragility', '52level:tunnel vision', '58level:a present for you', '17level:unreachable shores', '33level:love is out there', '56level:walls of gold', '238level:hop', '66level:renovating', '9level:empty', '201level:horror story', '11level:lonely flag', '80level:please hold my key']",40
178,"['0level:baba is you', '1level:where do i go?', '189level:now what is this?', '3level:out of reach', '2level:still out of reach', '90level:volcano', '5level:off limits', '6level:grass yard', '20level:icy waters', '212level:turns', '10level:affection', '4level:pillar yard', '209level:lock', '15level:novice locksmith', '8level:locked in', '166level:burglary', '205level:float', '218level:warm river', '219level:boiling river', '171level:bridge building', '172level:bridge building?', '234level:victory spring', '107level:assembly team', '173level:...bridges?', '199level:fragility', '52level:tunnel vision', '58level:a present for you', '33level:love is out there', '17level:unreachable shores', ""23level:but where's the key"", '238level:hop', '221level:grand stream', '36level:ghost friend', '66level:renovating', '246level:toolshed', '57level:patrol', '85level:canyon', '98level:victory in the open', '9level:empty', '201level:horror story']",40
180,"['0level:baba is you', '1level:where do i go?', '189level:now what is this?', '3level:out of reach', '2level:still out of reach', '90level:volcano', '5level:off limits', '20level:icy waters']",8
181,"['0level:baba is you', '1level:where do i go?', '189level:now what is this?', '3level:out of reach', '2level:still out of reach', '41level:tiny isle', '219level:boiling river', '199level:fragility', '52level:tunnel vision', '58level:a present for you', '17level:unreachable shores', ""23level:but where's the key"", '33level:love is out there', '71level:perilous gang', '72level:double moat', '90level:volcano', '5level:off limits', '6level:grass yard', '20level:icy waters', '212level:turns', '10level:affection', '4level:pillar yard', '93level:brick wall', '209level:lock', '15level:novice locksmith', '8level:locked in', '236level:changeless', '210level:two doors', '136level:jelly throne', '30level:crab storage', '166level:burglary', '211level:submerged ruins', '314level:sunken temple', '310level:poem', '205level:float', '218level:warm river', '171level:bridge building', '172level:bridge building?', '234level:victory spring', '107level:assembly team', '7level:catch the thief!', '37level:tiny pond', '319level:research facility', '68level:wireless connection', '65level:prison']",45
182,"['0level:baba is you', '1level:where do i go?', '189level:now what is this?', '3level:out of reach', '2level:still out of reach', '90level:volcano', '5level:off limits', '20level:icy waters', '6level:grass yard', '15level:novice locksmith', '8level:locked in', '236level:changeless', '210level:two doors', '136level:jelly throne', '30level:crab storage', '166level:burglary', '310level:poem', '205level:float', '218level:warm river', '171level:bridge building', '212level:turns', '10level:affection', '4level:pillar yard', '93level:brick wall', '209level:lock']",25
183,"['15level:novice locksmith', '8level:locked in', '236level:changeless', '210level:two doors', '136level:jelly throne', '30level:crab storage', '166level:burglary', '310level:poem', '205level:float', '218level:warm river', '171level:bridge building', '219level:boiling river', '172level:bridge building?', '0level:baba is you', '1level:where do i go?', '189level:now what is this?', '3level:out of reach', '2level:still out of reach', '90level:volcano', '5level:off limits', '6level:grass yard', '20level:icy waters', '212level:turns', '10level:affection', '4level:pillar yard', '93level:brick wall', '209level:lock']",27
184,"['0level:baba is you', '1level:where do i go?', '189level:now what is this?', '3level:out of reach', '2level:still out of reach', '90level:volcano', '5level:off limits', '6level:grass yard', '20level:icy waters', '212level:turns', '10level:affection', '4level:pillar yard', '93level:brick wall', '211level:submerged ruins', '209level:lock', '15level:novice locksmith', '8level:locked in', '236level:changeless', '210level:two doors', '136level:jelly throne', '30level:crab storage', '166level:burglary', '310level:poem', '205level:float', '218level:warm river', '171level:bridge building', '172level:bridge building?', '234level:victory spring', '107level:assembly team', '7level:catch the thief!', '319level:research facility', '37level:tiny pond', '65level:prison']",33
185,"['0level:baba is you', '1level:where do i go?', '189level:now what is this?', '3level:out of reach', '2level:still out of reach', '90level:volcano', '5level:off limits', '6level:grass yard', '20level:icy waters', '212level:turns', '10level:affection', '4level:pillar yard', '93level:brick wall', '211level:submerged ruins', '209level:lock', '15level:novice locksmith', '314level:sunken temple', '8level:locked in', '236level:changeless', '210level:two doors', '136level:jelly throne', '30level:crab storage', '166level:burglary', '310level:poem', '205level:float', '218level:warm river', '171level:bridge building', '172level:bridge building?', '234level:victory spring', '107level:assembly team', '7level:catch the thief!', '37level:tiny pond', '319level:research facility', '68level:wireless connection', '65level:prison', '238level:hop', '199level:fragility', '52level:tunnel vision', '58level:a present for you', '17level:unreachable shores', ""23level:but where's the key"", '33level:love is out there', '71level:perilous gang', '72level:double moat', '56level:walls of gold', '221level:grand stream', '235level:rocky road', '62level:telephone', '194level:haunt', '220level:crate square', '36level:ghost friend', '26level:ghost guard']",52
186,"['0level:baba is you', '1level:where do i go?', '189level:now what is this?', '3level:out of reach', '2level:still out of reach', '90level:volcano', '5level:off limits', '6level:grass yard', '20level:icy waters', '212level:turns', '10level:affection', '4level:pillar yard', '93level:brick wall']",13
187,"['0level:baba is you', '1level:where do i go?', '189level:now what is this?', '2level:still out of reach', '5level:off limits', '20level:icy waters', '212level:turns', '10level:affection', '4level:pillar yard', '209level:lock', '3level:out of reach', '90level:volcano', '6level:grass yard']",13
188,"['0level:baba is you', '1level:where do i go?', '189level:now what is this?', '3level:out of reach', '2level:still out of reach', '90level:volcano', '5level:off limits', '6level:grass yard', '20level:icy waters', '212level:turns', '10level:affection', '4level:pillar yard', '93level:brick wall']",13
190,"['0level:baba is you', '1level:where do i go?', '189level:now what is this?', '3level:out of reach', '2level:still out of reach', '90level:volcano', '5level:off limits', '6level:grass yard', '20level:icy waters', '212level:turns', '10level:affection', '4level:pillar yard', '93level:brick wall', '209level:lock', '15level:novice locksmith']",15
191,"['0level:baba is you', '1level:where do i go?', '189level:now what is this?', '3level:out of reach', '2level:still out of reach', '90level:volcano', '6level:grass yard', '5level:off limits', '20level:icy waters', '212level:turns', '10level:affection', '4level:pillar yard', '93level:brick wall', '8level:locked in', '209level:lock', '210level:two doors', '166level:burglary', '15level:novice locksmith', '236level:changeless', '136level:jelly throne', '30level:crab storage', '205level:float', '211level:submerged ruins', '314level:sunken temple', '218level:warm river', '219level:boiling river', '171level:bridge building', '172level:bridge building?', '173level:...bridges?', '234level:victory spring', '107level:assembly team', '7level:catch the thief!', '37level:tiny pond', '68level:wireless connection', '319level:research facility', '310level:poem', '199level:fragility', '52level:tunnel vision', '58level:a present for you', '17level:unreachable shores']",40
192,"['0level:baba is you', '1level:where do i go?', '189level:now what is this?', '3level:out of reach', '2level:still out of reach', '90level:volcano', '5level:off limits', '6level:grass yard', '20level:icy waters', '212level:turns', '10level:affection', '4level:pillar yard', '93level:brick wall', '211level:submerged ruins', '314level:sunken temple', '8level:locked in', '236level:changeless', '136level:jelly throne', '30level:crab storage', '209level:lock', '15level:novice locksmith', '210level:two doors', '166level:burglary', '310level:poem', '205level:float', '218level:warm river', '219level:boiling river', '171level:bridge building', '172level:bridge building?', '173level:...bridges?', '234level:victory spring', '107level:assembly team', '7level:catch the thief!', '37level:tiny pond', '319level:research facility', '68level:wireless connection', '65level:prison']",37
193,"['0level:baba is you', '1level:where do i go?', '189level:now what is this?', '3level:out of reach', '2level:still out of reach', '90level:volcano', '5level:off limits', '6level:grass yard', '20level:icy waters', '212level:turns', '10level:affection', '93level:brick wall', '4level:pillar yard', '209level:lock', '15level:novice locksmith', '8level:locked in', '236level:changeless', '136level:jelly throne', '30level:crab storage', '210level:two doors', '166level:burglary', '205level:float', '218level:warm river', '171level:bridge building', '172level:bridge building?', '173level:...bridges?', '234level:victory spring', '107level:assembly team', '211level:submerged ruins', '310level:poem', '199level:fragility', '52level:tunnel vision', '58level:a present for you', '219level:boiling river', '37level:tiny pond', '41level:tiny isle', '68level:wireless connection', '319level:research facility', '238level:hop', '239level:jump', '235level:rocky road']",41
194,"['0level:baba is you', '1level:where do i go?', '189level:now what is this?', '3level:out of reach', '2level:still out of reach', '90level:volcano', '6level:grass yard', '20level:icy waters', '212level:turns', '10level:affection', '4level:pillar yard', '93level:brick wall', '209level:lock', '15level:novice locksmith', '8level:locked in', '236level:changeless', '166level:burglary', '136level:jelly throne', '30level:crab storage', '210level:two doors', '5level:off limits', '205level:float', '218level:warm river', '171level:bridge building', '172level:bridge building?', '234level:victory spring', '107level:assembly team', '7level:catch the thief!', '65level:prison', '318level:dungeon', '199level:fragility', '52level:tunnel vision', '58level:a present for you']",33
195,"['0level:baba is you', '1level:where do i go?', '189level:now what is this?', '3level:out of reach', '2level:still out of reach', '90level:volcano', '5level:off limits', '6level:grass yard', '20level:icy waters', '212level:turns', '10level:affection', '4level:pillar yard', '93level:brick wall', '211level:submerged ruins', '209level:lock', '15level:novice locksmith', '8level:locked in', '236level:changeless', '136level:jelly throne', '30level:crab storage', '210level:two doors', '166level:burglary', '310level:poem', '205level:float', '218level:warm river', '219level:boiling river', '171level:bridge building', '172level:bridge building?', '173level:...bridges?', '234level:victory spring', '37level:tiny pond', '7level:catch the thief!', '107level:assembly team', '319level:research facility', '68level:wireless connection', '65level:prison', '199level:fragility', '52level:tunnel vision', '58level:a present for you', '17level:unreachable shores', '33level:love is out there', '71level:perilous gang', '56level:walls of gold', '238level:hop', '221level:grand stream', '194level:haunt', '220level:crate square']",47
196,"['0level:baba is you', '1level:where do i go?', '189level:now what is this?', '3level:out of reach', '2level:still out of reach', '90level:volcano', '5level:off limits', '6level:grass yard', '20level:icy waters', '212level:turns', '10level:affection', '4level:pillar yard', '93level:brick wall', '209level:lock', '15level:novice locksmith', '8level:locked in', '236level:changeless', '210level:two doors', '136level:jelly throne', '30level:crab storage', '166level:burglary', '310level:poem', '205level:float', '218level:warm river', '171level:bridge building', '172level:bridge building?', '234level:victory spring', '107level:assembly team', '7level:catch the thief!', '37level:tiny pond', '319level:research facility', '68level:wireless connection', '65level:prison', '219level:boiling river', '173level:...bridges?', '41level:tiny isle', '199level:fragility', '52level:tunnel vision', '58level:a present for you', '17level:unreachable shores', ""23level:but where's the key"", '56level:walls of gold', '33level:love is out there', '71level:perilous gang', '66level:renovating', '246level:toolshed', '57level:patrol', '85level:canyon', '9level:empty', '238level:hop']",50
197,"['0level:baba is you', '1level:where do i go?', '189level:now what is this?', '3level:out of reach', '2level:still out of reach', '90level:volcano', '5level:off limits', '6level:grass yard', '20level:icy waters', '212level:turns', '10level:affection', '4level:pillar yard', '93level:brick wall', '52level:tunnel vision', '58level:a present for you', '211level:submerged ruins', '314level:sunken temple', '37level:tiny pond', '68level:wireless connection', '65level:prison', '17level:unreachable shores', ""23level:but where's the key"", '33level:love is out there', '66level:renovating', '9level:empty', '219level:boiling river', '173level:...bridges?', '41level:tiny isle', '318level:dungeon', '134level:dim signal', '209level:lock', '15level:novice locksmith', '166level:burglary', '310level:poem', '205level:float', '218level:warm river', '171level:bridge building', '172level:bridge building?', '234level:victory spring', '56level:walls of gold', '71level:perilous gang', '72level:double moat', '239level:jump', '221level:grand stream', '194level:haunt', '235level:rocky road', '62level:telephone', '220level:crate square', '36level:ghost friend', '26level:ghost guard', '137level:not there', '35level:leaf chamber', '107level:assembly team', '210level:two doors', '8level:locked in', '236level:changeless', '136level:jelly throne', '30level:crab storage', '7level:catch the thief!', '319level:research facility', '215level:evaporating river', '238level:hop', '199level:fragility']",63
198,"['0level:baba is you', '1level:where do i go?', '189level:now what is this?', '2level:still out of reach', '3level:out of reach', '90level:volcano', '5level:off limits', '6level:grass yard', '20level:icy waters', '212level:turns', '10level:affection', '93level:brick wall', '4level:pillar yard', '209level:lock', '15level:novice locksmith', '166level:burglary', '8level:locked in', '236level:changeless', '136level:jelly throne', '30level:crab storage', '210level:two doors', '211level:submerged ruins', '314level:sunken temple', '310level:poem', '205level:float', '218level:warm river', '171level:bridge building', '172level:bridge building?', '234level:victory spring', '107level:assembly team', '7level:catch the thief!', '37level:tiny pond', '219level:boiling river', '173level:...bridges?', '319level:research facility', '68level:wireless connection', '65level:prison', '85level:canyon', '98level:victory in the open', '248level:supermarket', '151level:concrete goals', '160level:catch', '70level:skeletal door', '239level:jump', '138level:even less there', '174level:dead end', '307level:scenic pond', '308level:deep pool', '9level:empty', '11level:lonely flag', '13level:babas are you', '201level:horror story', '80level:please hold my key', '111level:aiming high', '112level:trio', '216level:platformer', '226level:the pit', '115level:heavy words', '315level:lovely house', '324level:existential crisis', '134level:dim signal', '318level:dungeon', '199level:fragility', '52level:tunnel vision', '58level:a present for you', '17level:unreachable shores', ""23level:but where's the key"", '33level:love is out there', '71level:perilous gang', '72level:double moat', '56level:walls of gold', '129level:further fields', '41level:tiny isle', '215level:evaporating river', '238level:hop', '221level:grand stream', '235level:rocky road', '62level:telephone', '194level:haunt', '220level:crate square', '36level:ghost friend', '26level:ghost guard', '35level:leaf chamber', '77level:literacy', '29level:broken playground', '269level:fetching', '137level:not there', '66level:renovating', '246level:toolshed', ""34level:baba doesn't respond"", '69level:keep out!', '57level:patrol']",92
199,"['0level:baba is you', '1level:where do i go?', '189level:now what is this?', '3level:out of reach', '2level:still out of reach', '90level:volcano', '5level:off limits', '6level:grass yard', '20level:icy waters', '212level:turns', '10level:affection', '4level:pillar yard', '93level:brick wall', '209level:lock', '15level:novice locksmith', '8level:locked in', '236level:changeless', '210level:two doors']",18
200,"['0level:baba is you', '1level:where do i go?', '189level:now what is this?', '3level:out of reach', '2level:still out of reach', '90level:volcano', '5level:off limits', '6level:grass yard', '20level:icy waters', '212level:turns', '10level:affection', '4level:pillar yard', '93level:brick wall', '209level:lock', '15level:novice locksmith', '8level:locked in', '236level:changeless', '136level:jelly throne', '30level:crab storage', '210level:two doors', '310level:poem', '205level:float', '218level:warm river', '171level:bridge building', '172level:bridge building?', '234level:victory spring', '107level:assembly team', '7level:catch the thief!', '238level:hop']",29
202,"['0level:baba is you', '1level:where do i go?', '189level:now what is this?', '3level:out of reach', '2level:still out of reach', '5level:off limits', '6level:grass yard', '20level:icy waters', '90level:volcano', '212level:turns', '10level:affection', '4level:pillar yard', '93level:brick wall', '211level:submerged ruins', '209level:lock', '15level:novice locksmith', '8level:locked in', '236level:changeless', '210level:two doors', '136level:jelly throne', '30level:crab storage', '166level:burglary', '310level:poem', '205level:float', '218level:warm river', '171level:bridge building', '172level:bridge building?', '173level:...bridges?', '234level:victory spring', '107level:assembly team', '7level:catch the thief!', '319level:research facility']",32
204,"['0level:baba is you', '1level:where do i go?', '189level:now what is this?', '3level:out of reach', '2level:still out of reach', '90level:volcano', '5level:off limits', '6level:grass yard', '20level:icy waters', '212level:turns', '10level:affection', '4level:pillar yard', '209level:lock', '93level:brick wall', '15level:novice locksmith', '8level:locked in', '236level:changeless', '210level:two doors', '136level:jelly throne', '30level:crab storage', '166level:burglary', '211level:submerged ruins', '310level:poem', '205level:float', '218level:warm river', '171level:bridge building', '172level:bridge building?', '234level:victory spring', '219level:boiling river', '173level:...bridges?', '107level:assembly team', '7level:catch the thief!', '319level:research facility', '65level:prison', '318level:dungeon', '238level:hop', '239level:jump', '199level:fragility', '68level:wireless connection', '134level:dim signal', '221level:grand stream', '194level:haunt', '36level:ghost friend', '220level:crate square', '77level:literacy', '35level:leaf chamber', '52level:tunnel vision', '58level:a present for you']",48
205,"['0level:baba is you', '1level:where do i go?', '189level:now what is this?', '3level:out of reach', '2level:still out of reach', '90level:volcano', '5level:off limits', '20level:icy waters', '212level:turns', '10level:affection', '4level:pillar yard', '209level:lock', '8level:locked in', '236level:changeless', '210level:two doors', '136level:jelly throne', '30level:crab storage', '166level:burglary', '93level:brick wall', '211level:submerged ruins', '15level:novice locksmith', '6level:grass yard', '310level:poem', '205level:float', '218level:warm river', '171level:bridge building', '172level:bridge building?', '234level:victory spring', '219level:boiling river', '173level:...bridges?', '107level:assembly team', '7level:catch the thief!', '319level:research facility', '199level:fragility', '52level:tunnel vision', '58level:a present for you', '17level:unreachable shores', '33level:love is out there', '71level:perilous gang', '94level:thicket']",40
206,"['0level:baba is you', '1level:where do i go?', '3level:out of reach', '5level:off limits', '189level:now what is this?', '2level:still out of reach', '90level:volcano', '6level:grass yard', '20level:icy waters', '212level:turns', '4level:pillar yard']",11
207,"['0level:baba is you', '1level:where do i go?', '189level:now what is this?', '3level:out of reach', '2level:still out of reach', '90level:volcano', '5level:off limits', '6level:grass yard', '20level:icy waters', '212level:turns', '10level:affection', '4level:pillar yard', '93level:brick wall', '209level:lock', '15level:novice locksmith', '210level:two doors', '166level:burglary', '310level:poem', '205level:float', '218level:warm river', '171level:bridge building', '172level:bridge building?', '234level:victory spring', '107level:assembly team', '219level:boiling river', '7level:catch the thief!', '238level:hop']",27
208,"['0level:baba is you', '1level:where do i go?', '189level:now what is this?', '3level:out of reach', '2level:still out of reach', '90level:volcano', '5level:off limits', '6level:grass yard', '20level:icy waters', '212level:turns', '10level:affection', '4level:pillar yard', '93level:brick wall', '211level:submerged ruins', '209level:lock', '15level:novice locksmith', '8level:locked in', '236level:changeless', '136level:jelly throne', '210level:two doors', '30level:crab storage', '166level:burglary', '314level:sunken temple', '310level:poem', '205level:float', '218level:warm river', '171level:bridge building']",27
209,"['0level:baba is you', '1level:where do i go?', '189level:now what is this?', '3level:out of reach', '2level:still out of reach', '90level:volcano', '5level:off limits', '6level:grass yard', '20level:icy waters', '212level:turns', '10level:affection', '4level:pillar yard', '93level:brick wall', '211level:submerged ruins', '209level:lock', '15level:novice locksmith', '8level:locked in', '236level:changeless', '310level:poem']",19
210,"['0level:baba is you', '1level:where do i go?', '189level:now what is this?', '3level:out of reach', '2level:still out of reach', '90level:volcano', '5level:off limits', '6level:grass yard', '20level:icy waters', '212level:turns', '10level:affection', '4level:pillar yard', '93level:brick wall', '211level:submerged ruins', '209level:lock', '8level:locked in', '15level:novice locksmith', '236level:changeless', '210level:two doors', '136level:jelly throne', '30level:crab storage', '166level:burglary', '205level:float', '310level:poem', '218level:warm river', '171level:bridge building', '172level:bridge building?', '234level:victory spring', '107level:assembly team', '7level:catch the thief!', '319level:research facility']",31
211,"['0level:baba is you', '1level:where do i go?', '189level:now what is this?', '3level:out of reach', '2level:still out of reach', '90level:volcano', '5level:off limits', '6level:grass yard', '20level:icy waters', '212level:turns', '10level:affection', '4level:pillar yard', '93level:brick wall']",13
212,"['0level:baba is you', '1level:where do i go?', '189level:now what is this?', '3level:out of reach', '2level:still out of reach', '90level:volcano', '6level:grass yard', '20level:icy waters', '212level:turns', '10level:affection', '93level:brick wall', '211level:submerged ruins', '5level:off limits', '4level:pillar yard', '209level:lock', '15level:novice locksmith', '8level:locked in', '236level:changeless', '136level:jelly throne', '30level:crab storage', '210level:two doors', '166level:burglary', '314level:sunken temple', '310level:poem', '205level:float', '218level:warm river', '219level:boiling river', '171level:bridge building', '172level:bridge building?', '234level:victory spring', '107level:assembly team', '173level:...bridges?', '37level:tiny pond']",33
213,"['0level:baba is you', '1level:where do i go?', '189level:now what is this?', '3level:out of reach', '2level:still out of reach', '5level:off limits', '6level:grass yard', '90level:volcano', '20level:icy waters', '212level:turns', '10level:affection', '4level:pillar yard', '93level:brick wall', '209level:lock', '8level:locked in', '236level:changeless', '136level:jelly throne', '310level:poem', '205level:float', '218level:warm river', '171level:bridge building', '172level:bridge building?', '173level:...bridges?', '234level:victory spring', '107level:assembly team', '199level:fragility', '52level:tunnel vision', '58level:a present for you', '33level:love is out there', '71level:perilous gang', '56level:walls of gold', '238level:hop']",32
215,"['0level:baba is you', '1level:where do i go?', '189level:now what is this?', '3level:out of reach', '2level:still out of reach', '90level:volcano', '5level:off limits', '6level:grass yard', '20level:icy waters', '212level:turns', '10level:affection', '4level:pillar yard', '93level:brick wall', '209level:lock', '15level:novice locksmith', '8level:locked in', '236level:changeless', '210level:two doors', '166level:burglary', '136level:jelly throne', '30level:crab storage', '310level:poem', '205level:float', '218level:warm river', '219level:boiling river', '171level:bridge building', '172level:bridge building?', '173level:...bridges?', '234level:victory spring', '211level:submerged ruins', '314level:sunken temple', '107level:assembly team', '7level:catch the thief!', '319level:research facility', '68level:wireless connection', '37level:tiny pond', '199level:fragility', '52level:tunnel vision', '58level:a present for you', '17level:unreachable shores', ""23level:but where's the key""]",41
216,"['0level:baba is you', '1level:where do i go?', '189level:now what is this?', '3level:out of reach', '2level:still out of reach', '90level:volcano', '5level:off limits', '20level:icy waters', '212level:turns', '10level:affection', '6level:grass yard', '4level:pillar yard', '93level:brick wall', '209level:lock', '15level:novice locksmith', '8level:locked in', '236level:changeless', '210level:two doors', '136level:jelly throne', '30level:crab storage', '166level:burglary', '310level:poem', '205level:float', '218level:warm river', '171level:bridge building', '172level:bridge building?', '173level:...bridges?', '219level:boiling river', '211level:submerged ruins', '314level:sunken temple', '234level:victory spring', '107level:assembly team', '7level:catch the thief!', '69level:keep out!', ""34level:baba doesn't respond"", '191level:moving floor', '193level:crumbling floor', '315level:lovely house', '148level:tour', '37level:tiny pond', '319level:research facility', '68level:wireless connection', '134level:dim signal', '41level:tiny isle', '199level:fragility', '52level:tunnel vision', '58level:a present for you', '17level:unreachable shores', ""23level:but where's the key"", '33level:love is out there', '238level:hop', '239level:jump', '221level:grand stream', '194level:haunt', '62level:telephone', '137level:not there', '174level:dead end', '220level:crate square', '77level:literacy', '215level:evaporating river', '80level:please hold my key', '201level:horror story', '66level:renovating', '246level:toolshed', '57level:patrol', '85level:canyon', '98level:victory in the open', '65level:prison', '318level:dungeon', '129level:further fields', '235level:rocky road', '26level:ghost guard', '35level:leaf chamber', '29level:broken playground', '36level:ghost friend', '138level:even less there', '324level:existential crisis']",77
217,"['1level:where do i go?', '189level:now what is this?', '3level:out of reach', '2level:still out of reach', '90level:volcano', '5level:off limits', '6level:grass yard', '20level:icy waters', '212level:turns', '10level:affection', '4level:pillar yard', '93level:brick wall', '209level:lock', '15level:novice locksmith', '8level:locked in', '236level:changeless', '210level:two doors', '136level:jelly throne', '30level:crab storage', '166level:burglary', '310level:poem', '205level:float', '218level:warm river', '171level:bridge building']",24
218,"['0level:baba is you', '1level:where do i go?', '189level:now what is this?', '3level:out of reach', '2level:still out of reach', '90level:volcano', '5level:off limits', '6level:grass yard', '20level:icy waters']",9
219,"['0level:baba is you', '1level:where do i go?', '189level:now what is this?', '3level:out of reach', '2level:still out of reach', '90level:volcano', '5level:off limits', '6level:grass yard', '20level:icy waters', '212level:turns', '10level:affection', '4level:pillar yard', '93level:brick wall', '209level:lock', '15level:novice locksmith', '8level:locked in', '236level:changeless', '210level:two doors', '136level:jelly throne', '30level:crab storage', '166level:burglary', '310level:poem', '205level:float', '218level:warm river', '171level:bridge building', '172level:bridge building?', '234level:victory spring', '107level:assembly team', '7level:catch the thief!', '37level:tiny pond', '319level:research facility', '68level:wireless connection', '238level:hop', '221level:grand stream', '235level:rocky road', '62level:telephone', '194level:haunt', '220level:crate square', '36level:ghost friend', '199level:fragility', '52level:tunnel vision', '58level:a present for you', '17level:unreachable shores', ""23level:but where's the key"", '33level:love is out there', '71level:perilous gang', '72level:double moat', '56level:walls of gold', '9level:empty', '11level:lonely flag', '13level:babas are you', '201level:horror story', '80level:please hold my key', '111level:aiming high']",54
220,"['0level:baba is you', '1level:where do i go?', '189level:now what is this?', '3level:out of reach', '2level:still out of reach', '90level:volcano', '5level:off limits', '6level:grass yard', '20level:icy waters', '212level:turns', '10level:affection', '4level:pillar yard', '93level:brick wall', '211level:submerged ruins', '209level:lock', '15level:novice locksmith', '8level:locked in', '236level:changeless', '210level:two doors', '136level:jelly throne', '30level:crab storage', '166level:burglary', '314level:sunken temple', '310level:poem', '205level:float', '218level:warm river', '171level:bridge building', '172level:bridge building?', '234level:victory spring', '219level:boiling river', '107level:assembly team', '173level:...bridges?', '7level:catch the thief!', '37level:tiny pond']",34
221,"['0level:baba is you', '1level:where do i go?', '189level:now what is this?', '3level:out of reach', '2level:still out of reach', '90level:volcano', '5level:off limits', '6level:grass yard', '20level:icy waters', '212level:turns', '10level:affection', '4level:pillar yard', '93level:brick wall', '211level:submerged ruins', '209level:lock', '15level:novice locksmith', '8level:locked in', '236level:changeless', '210level:two doors', '136level:jelly throne', '30level:crab storage', '166level:burglary', '314level:sunken temple']",23
222,"['0level:baba is you', '1level:where do i go?', '189level:now what is this?', '3level:out of reach', '2level:still out of reach', '90level:volcano', '5level:off limits', '6level:grass yard', '20level:icy waters', '212level:turns', '10level:affection', '4level:pillar yard', '93level:brick wall', '209level:lock', '15level:novice locksmith', '8level:locked in', '236level:changeless', '210level:two doors', '136level:jelly throne', '30level:crab storage', '166level:burglary', '310level:poem', '205level:float', '218level:warm river', '171level:bridge building', '172level:bridge building?']",26
223,"['0level:baba is you', '1level:where do i go?', '189level:now what is this?', '3level:out of reach', '2level:still out of reach', '90level:volcano', '6level:grass yard', '5level:off limits', '20level:icy waters', '212level:turns', '4level:pillar yard', '10level:affection', '93level:brick wall', '8level:locked in', '236level:changeless', '136level:jelly throne', '209level:lock', '15level:novice locksmith', '166level:burglary']",19
224,"['0level:baba is you', '1level:where do i go?', '189level:now what is this?', '3level:out of reach', '2level:still out of reach', '90level:volcano', '5level:off limits', '6level:grass yard', '20level:icy waters', '212level:turns', '10level:affection', '4level:pillar yard', '93level:brick wall', '209level:lock', '15level:novice locksmith', '8level:locked in', '236level:changeless', '210level:two doors', '136level:jelly throne', '30level:crab storage', '166level:burglary', '310level:poem', '205level:float', '218level:warm river', '171level:bridge building', '172level:bridge building?', '234level:victory spring', '107level:assembly team', '7level:catch the thief!']",29
225,"['0level:baba is you', '1level:where do i go?', '189level:now what is this?', '3level:out of reach', '2level:still out of reach', '90level:volcano', '5level:off limits', '6level:grass yard', '20level:icy waters', '212level:turns', '10level:affection', '4level:pillar yard', '93level:brick wall', '211level:submerged ruins', '209level:lock', '15level:novice locksmith', '210level:two doors', '166level:burglary', '8level:locked in', '236level:changeless', '136level:jelly throne', '30level:crab storage', '310level:poem', '205level:float', '218level:warm river', '171level:bridge building', '172level:bridge building?', '173level:...bridges?', '234level:victory spring', '107level:assembly team', '7level:catch the thief!', '319level:research facility']",32
226,"['0level:baba is you', '1level:where do i go?', '199level:fragility', '52level:tunnel vision', '58level:a present for you', ""23level:but where's the key"", '33level:love is out there', '71level:perilous gang', '56level:walls of gold', '66level:renovating', '9level:empty', '11level:lonely flag', '13level:babas are you', '201level:horror story', '59level:condition', '94level:thicket', '189level:now what is this?', '3level:out of reach', '2level:still out of reach', '90level:volcano', '5level:off limits', '6level:grass yard', '20level:icy waters', '212level:turns', '10level:affection', '4level:pillar yard', '93level:brick wall', '211level:submerged ruins', '209level:lock', '15level:novice locksmith', '8level:locked in', '236level:changeless', '136level:jelly throne', '210level:two doors', '30level:crab storage', '166level:burglary', '310level:poem', '205level:float', '218level:warm river', '171level:bridge building', '172level:bridge building?', '234level:victory spring', '107level:assembly team', '37level:tiny pond', '68level:wireless connection', '219level:boiling river', '238level:hop', '221level:grand stream', '194level:haunt', '62level:telephone', '220level:crate square', '36level:ghost friend', '137level:not there', '174level:dead end', '160level:catch']",55
227,"['0level:baba is you', '1level:where do i go?', '189level:now what is this?', '3level:out of reach', '90level:volcano', '2level:still out of reach', '5level:off limits', '6level:grass yard', '20level:icy waters', '212level:turns', '10level:affection', '4level:pillar yard', '93level:brick wall', '209level:lock', '15level:novice locksmith', '8level:locked in', '236level:changeless', '210level:two doors', '136level:jelly throne', '30level:crab storage', '310level:poem', '205level:float', '218level:warm river', '171level:bridge building', '172level:bridge building?', '234level:victory spring', '211level:submerged ruins', '166level:burglary', '219level:boiling river', '173level:...bridges?', '107level:assembly team', '7level:catch the thief!', '37level:tiny pond', '319level:research facility', '65level:prison', '318level:dungeon', '215level:evaporating river', '68level:wireless connection', '134level:dim signal', '238level:hop', '221level:grand stream', '235level:rocky road', '194level:haunt', '220level:crate square', '239level:jump']",45
228,"['0level:baba is you', '1level:where do i go?', '189level:now what is this?', '3level:out of reach', '2level:still out of reach', '90level:volcano', '5level:off limits', '6level:grass yard', '20level:icy waters', '212level:turns', '10level:affection', '4level:pillar yard', '93level:brick wall', '209level:lock', '15level:novice locksmith', '8level:locked in', '310level:poem', '205level:float', '218level:warm river', '171level:bridge building', '172level:bridge building?', '234level:victory spring', '107level:assembly team', '7level:catch the thief!']",24
229,"['0level:baba is you', '1level:where do i go?', '189level:now what is this?', '3level:out of reach', '2level:still out of reach', '90level:volcano', '5level:off limits', '6level:grass yard', '20level:icy waters', '212level:turns', '10level:affection', '4level:pillar yard', '93level:brick wall', '211level:submerged ruins', '314level:sunken temple', '209level:lock', '15level:novice locksmith', '210level:two doors', '166level:burglary', '310level:poem', '205level:float', '218level:warm river', '219level:boiling river', '171level:bridge building', '172level:bridge building?', '234level:victory spring', '107level:assembly team', '7level:catch the thief!', '37level:tiny pond', '319level:research facility', '68level:wireless connection', '270level:backstage', '146level:torn apart', '145level:trick door', '176level:trapped', '122level:tunnel', '266level:pillarwork', '307level:scenic pond', '41level:tiny isle', '56level:walls of gold', '72level:double moat', '129level:further fields', '59level:condition', '94level:thicket', '242level:sorting facility', '124level:relaxing spot', '238level:hop', '221level:grand stream', '235level:rocky road', '62level:telephone', '194level:haunt', '220level:crate square', '36level:ghost friend', '26level:ghost guard', '137level:not there', '174level:dead end', '138level:even less there', '77level:literacy', '269level:fetching', '70level:skeletal door', '29level:broken playground', '148level:tour']",62
230,"['0level:baba is you', '1level:where do i go?', '189level:now what is this?', '3level:out of reach', '2level:still out of reach', '90level:volcano', '5level:off limits', '6level:grass yard', '20level:icy waters', '212level:turns', '10level:affection', '4level:pillar yard', '93level:brick wall', '209level:lock', '15level:novice locksmith', '210level:two doors', '166level:burglary', '211level:submerged ruins', '314level:sunken temple', '310level:poem', '205level:float', '218level:warm river', '171level:bridge building', '172level:bridge building?', '173level:...bridges?', '234level:victory spring', '107level:assembly team', '7level:catch the thief!', '233level:tiny pasture', '248level:supermarket', '9level:empty', '80level:please hold my key', '201level:horror story', '11level:lonely flag', '324level:existential crisis', '13level:babas are you', '111level:aiming high', '112level:trio', '68level:wireless connection', '65level:prison', '219level:boiling river', '134level:dim signal', '318level:dungeon', '59level:condition', '94level:thicket', '242level:sorting facility', '124level:relaxing spot', '319level:research facility', '199level:fragility', '52level:tunnel vision', '58level:a present for you', '33level:love is out there', '71level:perilous gang', '56level:walls of gold', '238level:hop', '221level:grand stream', '239level:jump', '235level:rocky road', '62level:telephone', '194level:haunt', '220level:crate square', '137level:not there', '66level:renovating', '246level:toolshed', ""34level:baba doesn't respond"", '57level:patrol', '85level:canyon', '98level:victory in the open', '315level:lovely house', '8level:locked in', '236level:changeless', '136level:jelly throne', '30level:crab storage']",73
232,"['0level:baba is you', '1level:where do i go?', '189level:now what is this?', '3level:out of reach', '90level:volcano', '5level:off limits', '2level:still out of reach', '6level:grass yard', '20level:icy waters', '212level:turns', '10level:affection', '4level:pillar yard', '209level:lock', '15level:novice locksmith', '8level:locked in', '236level:changeless', '136level:jelly throne', '310level:poem', '93level:brick wall', '205level:float', '218level:warm river', '171level:bridge building', '172level:bridge building?', '234level:victory spring', '107level:assembly team', '7level:catch the thief!', '199level:fragility', '52level:tunnel vision', '58level:a present for you', '17level:unreachable shores', '33level:love is out there', '238level:hop']",32
233,"['0level:baba is you', '1level:where do i go?', '189level:now what is this?']",3
234,"['0level:baba is you', '1level:where do i go?', '189level:now what is this?', '3level:out of reach', '2level:still out of reach', '90level:volcano', '6level:grass yard', '5level:off limits', '20level:icy waters', '212level:turns', '10level:affection', '4level:pillar yard', '209level:lock', '15level:novice locksmith', '8level:locked in', '236level:changeless', '310level:poem', '205level:float', '218level:warm river', '171level:bridge building', '172level:bridge building?', '234level:victory spring', '37level:tiny pond', '173level:...bridges?', '238level:hop', '221level:grand stream', '235level:rocky road', '62level:telephone', '194level:haunt', '220level:crate square', '36level:ghost friend']",31
235,"['0level:baba is you', '1level:where do i go?', '189level:now what is this?', '3level:out of reach', '2level:still out of reach', '90level:volcano', '5level:off limits', '6level:grass yard', '20level:icy waters', '212level:turns', '10level:affection', '4level:pillar yard', '93level:brick wall', '209level:lock', '15level:novice locksmith', '8level:locked in', '236level:changeless', '210level:two doors', '136level:jelly throne', '30level:crab storage', '166level:burglary', '211level:submerged ruins', '314level:sunken temple', '310level:poem', '205level:float', '218level:warm river', '171level:bridge building', '172level:bridge building?', '234level:victory spring', '107level:assembly team', '7level:catch the thief!', '37level:tiny pond', '319level:research facility', '68level:wireless connection', '65level:prison', '199level:fragility', '52level:tunnel vision', '58level:a present for you']",38
236,"['0level:baba is you', '1level:where do i go?', '189level:now what is this?', '3level:out of reach', '2level:still out of reach', '90level:volcano', '5level:off limits', '6level:grass yard', '20level:icy waters', '212level:turns', '10level:affection', '4level:pillar yard', '93level:brick wall', '209level:lock', '15level:novice locksmith', '211level:submerged ruins', '8level:locked in', '236level:changeless', '314level:sunken temple', '210level:two doors', '136level:jelly throne', '30level:crab storage', '166level:burglary', '310level:poem', '205level:float', '218level:warm river', '219level:boiling river', '171level:bridge building', '172level:bridge building?', '173level:...bridges?', '234level:victory spring', '107level:assembly team', '7level:catch the thief!', '37level:tiny pond', '41level:tiny isle', '319level:research facility', '68level:wireless connection', '65level:prison', '134level:dim signal', '318level:dungeon', '215level:evaporating river', '238level:hop', '239level:jump', '221level:grand stream', '235level:rocky road', '62level:telephone', '194level:haunt', '220level:crate square', '137level:not there', '160level:catch', '174level:dead end', '138level:even less there', '77level:literacy', '269level:fetching', '70level:skeletal door', '29level:broken playground', '36level:ghost friend']",57
237,"['0level:baba is you', '1level:where do i go?', '189level:now what is this?', '3level:out of reach', '2level:still out of reach', '90level:volcano', '6level:grass yard', '5level:off limits', '20level:icy waters', '212level:turns', '10level:affection', '4level:pillar yard', '93level:brick wall', '209level:lock', '15level:novice locksmith', '8level:locked in', '236level:changeless', '136level:jelly throne', '30level:crab storage', '210level:two doors', '166level:burglary', '211level:submerged ruins', '314level:sunken temple', '310level:poem', '205level:float', '218level:warm river', '171level:bridge building', '172level:bridge building?', '234level:victory spring', '107level:assembly team', '7level:catch the thief!', '37level:tiny pond', '319level:research facility', '68level:wireless connection', '65level:prison', '219level:boiling river', '173level:...bridges?', '199level:fragility', '52level:tunnel vision', '58level:a present for you', '17level:unreachable shores', ""23level:but where's the key"", '33level:love is out there', '71level:perilous gang']",44
238,"['0level:baba is you', '1level:where do i go?', '189level:now what is this?', '3level:out of reach', '2level:still out of reach', '90level:volcano', '6level:grass yard', '5level:off limits', '20level:icy waters', '212level:turns', '10level:affection', '4level:pillar yard', '93level:brick wall', '209level:lock', '15level:novice locksmith', '8level:locked in', '236level:changeless', '210level:two doors', '136level:jelly throne', '166level:burglary', '30level:crab storage', '211level:submerged ruins', '310level:poem', '205level:float', '218level:warm river', '171level:bridge building', '172level:bridge building?', '234level:victory spring', '107level:assembly team', '7level:catch the thief!', '37level:tiny pond', '68level:wireless connection', '219level:boiling river', '173level:...bridges?', '238level:hop', '221level:grand stream', '235level:rocky road', '319level:research facility']",38
239,"['0level:baba is you', '1level:where do i go?', '189level:now what is this?', '90level:volcano', '6level:grass yard', '3level:out of reach', '2level:still out of reach', '5level:off limits', '20level:icy waters', '212level:turns', '10level:affection', '4level:pillar yard', '209level:lock', '8level:locked in', '210level:two doors', '93level:brick wall', '211level:submerged ruins', '205level:float', '218level:warm river', '171level:bridge building', '172level:bridge building?', '173level:...bridges?', '234level:victory spring', '107level:assembly team', '310level:poem', '199level:fragility', '52level:tunnel vision', '58level:a present for you', '33level:love is out there', '71level:perilous gang', '56level:walls of gold', '9level:empty', '80level:please hold my key', '66level:renovating', '246level:toolshed', '57level:patrol', '85level:canyon']",37
240,"['0level:baba is you', '1level:where do i go?', '189level:now what is this?', '3level:out of reach', '2level:still out of reach', '90level:volcano', '5level:off limits', '6level:grass yard', '20level:icy waters', '212level:turns', '10level:affection', '4level:pillar yard', '93level:brick wall', '209level:lock', '15level:novice locksmith', '8level:locked in', '236level:changeless', '210level:two doors', '136level:jelly throne', '30level:crab storage', '166level:burglary', '310level:poem', '205level:float', '218level:warm river', '171level:bridge building', '172level:bridge building?', '234level:victory spring', '107level:assembly team', '7level:catch the thief!', '319level:research facility', '68level:wireless connection', '65level:prison', '199level:fragility', '52level:tunnel vision', '58level:a present for you', '17level:unreachable shores', ""23level:but where's the key"", '33level:love is out there', '71level:perilous gang']",39
241,"['0level:baba is you', '1level:where do i go?', '189level:now what is this?', '3level:out of reach', '2level:still out of reach', '90level:volcano', '5level:off limits', '6level:grass yard', '20level:icy waters', '212level:turns', '10level:affection', '4level:pillar yard', '93level:brick wall', '211level:submerged ruins', '209level:lock', '15level:novice locksmith', '8level:locked in', '236level:changeless', '136level:jelly throne', '30level:crab storage', '210level:two doors', '166level:burglary', '310level:poem', '205level:float', '218level:warm river', '219level:boiling river', '171level:bridge building', '172level:bridge building?', '173level:...bridges?', '234level:victory spring', '107level:assembly team', '7level:catch the thief!', '37level:tiny pond', '319level:research facility']",34
242,"['0level:baba is you', '1level:where do i go?', '189level:now what is this?', '3level:out of reach', '2level:still out of reach', '90level:volcano', '5level:off limits', '20level:icy waters', '6level:grass yard', '212level:turns', '10level:affection', '4level:pillar yard', '93level:brick wall', '211level:submerged ruins', '314level:sunken temple', '209level:lock', '15level:novice locksmith', '8level:locked in', '236level:changeless', '210level:two doors', '136level:jelly throne', '166level:burglary', '310level:poem', '205level:float', '218level:warm river', '219level:boiling river', '171level:bridge building', '172level:bridge building?', '173level:...bridges?', '234level:victory spring', '30level:crab storage', '107level:assembly team', '7level:catch the thief!', '37level:tiny pond', '319level:research facility', '68level:wireless connection', '41level:tiny isle']",37
243,"['0level:baba is you', '1level:where do i go?', '189level:now what is this?', '3level:out of reach', '2level:still out of reach', '90level:volcano', '5level:off limits', '6level:grass yard', '20level:icy waters', '212level:turns', '4level:pillar yard', '93level:brick wall', '10level:affection', '209level:lock', '8level:locked in', '15level:novice locksmith', '236level:changeless', '136level:jelly throne']",18
244,"['0level:baba is you', '1level:where do i go?', '189level:now what is this?', '3level:out of reach', '2level:still out of reach', '90level:volcano', '5level:off limits', '6level:grass yard', '20level:icy waters', '212level:turns', '10level:affection', '4level:pillar yard', '209level:lock', '8level:locked in', '236level:changeless', '210level:two doors', '310level:poem', '205level:float', '166level:burglary', '93level:brick wall', '218level:warm river', '219level:boiling river', '171level:bridge building', '172level:bridge building?', '173level:...bridges?', '234level:victory spring', '199level:fragility', '52level:tunnel vision', '58level:a present for you', '238level:hop', '221level:grand stream', '235level:rocky road', '62level:telephone']",33
245,"['0level:baba is you', '1level:where do i go?', '189level:now what is this?', '3level:out of reach', '2level:still out of reach', '90level:volcano', '5level:off limits', '6level:grass yard', '20level:icy waters', '212level:turns', '10level:affection', '4level:pillar yard', '93level:brick wall', '209level:lock', '15level:novice locksmith', '8level:locked in', '236level:changeless', '210level:two doors', '136level:jelly throne', '30level:crab storage', '166level:burglary', '310level:poem', '205level:float', '218level:warm river', '171level:bridge building', '172level:bridge building?', '234level:victory spring', '107level:assembly team', '7level:catch the thief!', '238level:hop']",30
246,"['0level:baba is you', '1level:where do i go?', '189level:now what is this?', '3level:out of reach', '2level:still out of reach', '90level:volcano', '6level:grass yard', '5level:off limits', '20level:icy waters', '212level:turns', '10level:affection', '4level:pillar yard', '93level:brick wall', '209level:lock', '15level:novice locksmith', '8level:locked in', '205level:float', '218level:warm river', '171level:bridge building', '172level:bridge building?', '234level:victory spring', '107level:assembly team', '7level:catch the thief!']",23
247,"['0level:baba is you', '1level:where do i go?', '189level:now what is this?', '3level:out of reach', '2level:still out of reach', '90level:volcano']",6
248,"['0level:baba is you', '1level:where do i go?', '189level:now what is this?', '3level:out of reach', '2level:still out of reach', '90level:volcano', '166level:burglary', '210level:two doors', '205level:float', '5level:off limits', '6level:grass yard', '20level:icy waters', '212level:turns', '10level:affection', '4level:pillar yard', '93level:brick wall', '209level:lock', '15level:novice locksmith', '8level:locked in', '236level:changeless', '136level:jelly throne', '30level:crab storage']",22
250,"['0level:baba is you', '1level:where do i go?', '189level:now what is this?', '3level:out of reach', '2level:still out of reach', '90level:volcano', '5level:off limits', '6level:grass yard', '20level:icy waters', '212level:turns', '10level:affection']",11
251,"['0level:baba is you', '1level:where do i go?', '189level:now what is this?', '3level:out of reach', '2level:still out of reach', '90level:volcano', '5level:off limits', '6level:grass yard', '20level:icy waters', '212level:turns', '10level:affection', '4level:pillar yard', '93level:brick wall', '209level:lock', '15level:novice locksmith', '8level:locked in', '236level:changeless', '210level:two doors', '136level:jelly throne', '30level:crab storage', '166level:burglary', '211level:submerged ruins', '310level:poem', '205level:float', '218level:warm river', '171level:bridge building', '172level:bridge building?', '234level:victory spring', '107level:assembly team', '7level:catch the thief!', '199level:fragility']",31
252,"['0level:baba is you', '1level:where do i go?', '189level:now what is this?', '3level:out of reach', '2level:still out of reach', '90level:volcano', '5level:off limits', '20level:icy waters', '212level:turns', '10level:affection', '4level:pillar yard', '209level:lock', '8level:locked in', '236level:changeless', '136level:jelly throne', '310level:poem', '205level:float', '218level:warm river', '210level:two doors', '30level:crab storage', '15level:novice locksmith', '93level:brick wall', '166level:burglary', '6level:grass yard', '211level:submerged ruins', '314level:sunken temple', '219level:boiling river', '171level:bridge building']",28
253,"['0level:baba is you', '1level:where do i go?', '189level:now what is this?', '3level:out of reach', '2level:still out of reach', '90level:volcano', '5level:off limits', '6level:grass yard', '20level:icy waters', '212level:turns', '10level:affection', '4level:pillar yard', '209level:lock', '15level:novice locksmith', '8level:locked in', '236level:changeless', '93level:brick wall']",17
254,"['0level:baba is you', '1level:where do i go?', '189level:now what is this?', '3level:out of reach', '2level:still out of reach', '5level:off limits', '6level:grass yard', '90level:volcano', '20level:icy waters']",9
255,"['0level:baba is you', '1level:where do i go?', '189level:now what is this?', '3level:out of reach', '2level:still out of reach', '90level:volcano', '6level:grass yard', '5level:off limits', '20level:icy waters', '212level:turns', '10level:affection', '4level:pillar yard', '93level:brick wall', '211level:submerged ruins', '8level:locked in', '209level:lock', '205level:float', '218level:warm river', '171level:bridge building', '172level:bridge building?', '234level:victory spring', '107level:assembly team', '7level:catch the thief!']",23
256,"['0level:baba is you', '1level:where do i go?', '189level:now what is this?', '3level:out of reach', '2level:still out of reach', '90level:volcano', '5level:off limits', '6level:grass yard', '20level:icy waters']",9
257,"['236level:changeless', '136level:jelly throne', '0level:baba is you', '1level:where do i go?', '189level:now what is this?', '2level:still out of reach', '90level:volcano', '3level:out of reach', '5level:off limits', '6level:grass yard', '20level:icy waters', '212level:turns', '10level:affection', '4level:pillar yard', '209level:lock', '93level:brick wall', '15level:novice locksmith', '8level:locked in', '166level:burglary']",19
258,"['5level:off limits', '6level:grass yard', '20level:icy waters', '212level:turns', '10level:affection', '4level:pillar yard', '93level:brick wall', '209level:lock', '15level:novice locksmith', '8level:locked in', '236level:changeless', '210level:two doors', '136level:jelly throne']",13
